Titel;Händelse;Ändring;fill_color;line_color;@bild;ordning_bild;ordning_text;skede_color;bakskede;bakgrund_color
YIELD - BOSTÄDER;Riksbanken sänker räntan;-1,00%;#7A2020;#EF5656;C:\Users\niklas.sviden\OneDrive - Åke Sundvalls Byggnads AB\SPELET 2\Bilder\Skapade bilder\Yield Bostäder.png;1;4;#EF5656;#FDE6E6;#FCF6EF
YIELD - BOSTÄDER;Bostadsbrist i kommunen ökar;-1,00%;#7A2020;#EF5656;C:\Users\niklas.sviden\OneDrive - Åke Sundvalls Byggnads AB\SPELET 2\Bilder\Skapade bilder\Yield Bostäder.png;2;3;#EF5656;#FDE6E6;#FCF6EF
YIELD - BOSTÄDER;Bostadspriser stabiliseras;0,00%;#7A2020;#EF5656;C:\Users\niklas.sviden\OneDrive - Åke Sundvalls Byggnads AB\SPELET 2\Bilder\Skapade bilder\Yield Bostäder.png;3;2;#EF5656;#FDE6E6;#FCF6EF
YIELD - BOSTÄDER;Hyresnivåer justeras uppåt;-0,50%;#7A2020;#EF5656;C:\Users\niklas.sviden\OneDrive - Åke Sundvalls Byggnads AB\SPELET 2\Bilder\Skapade bilder\Yield Bostäder.png;4;1;#EF5656;#FDE6E6;#FCF6EF
YIELD - BOSTÄDER;Nyproduktion minskar;-0,50%;#7A2020;#EF5656;C:\Users\niklas.sviden\OneDrive - Åke Sundvalls Byggnads AB\SPELET 2\Bilder\Skapade bilder\Yield Bostäder.png;5;8;#EF5656;#FDE6E6;#FCF6EF
YIELD - BOSTÄDER;Ränteuppgång pressar marknaden;0,50%;#7A2020;#EF5656;C:\Users\niklas.sviden\OneDrive - Åke Sundvalls Byggnads AB\SPELET 2\Bilder\Skapade bilder\Yield Bostäder.png;6;7;#EF5656;#FDE6E6;#FCF6EF
YIELD - BOSTÄDER;Konjunkturnedgång;0,50%;#7A2020;#EF5656;C:\Users\niklas.sviden\OneDrive - Åke Sundvalls Byggnads AB\SPELET 2\Bilder\Skapade bilder\Yield Bostäder.png;7;6;#EF5656;#FDE6E6;#FCF6EF
YIELD - BOSTÄDER;Stark efterfrågan på hyresrätter;-0,50%;#7A2020;#EF5656;C:\Users\niklas.sviden\OneDrive - Åke Sundvalls Byggnads AB\SPELET 2\Bilder\Skapade bilder\Yield Bostäder.png;8;5;#EF5656;#FDE6E6;#FCF6EF
YIELD - BOSTÄDER;Kommunen expanderar;-0,50%;#7A2020;#EF5656;C:\Users\niklas.sviden\OneDrive - Åke Sundvalls Byggnads AB\SPELET 2\Bilder\Skapade bilder\Yield Bostäder.png;9;12;#EF5656;#FDE6E6;#FCF6EF
YIELD - BOSTÄDER;Infrastruktursatsning i närheten;-0,50%;#7A2020;#EF5656;C:\Users\niklas.sviden\OneDrive - Åke Sundvalls Byggnads AB\SPELET 2\Bilder\Skapade bilder\Yield Bostäder.png;10;11;#EF5656;#FDE6E6;#FCF6EF
YIELD - BOSTÄDER;Stabilt bostadsläge;0,00%;#7A2020;#EF5656;C:\Users\niklas.sviden\OneDrive - Åke Sundvalls Byggnads AB\SPELET 2\Bilder\Skapade bilder\Yield Bostäder.png;11;10;#EF5656;#FDE6E6;#FCF6EF
YIELD - BOSTÄDER;Stigande materialkostnader;0,50%;#7A2020;#EF5656;C:\Users\niklas.sviden\OneDrive - Åke Sundvalls Byggnads AB\SPELET 2\Bilder\Skapade bilder\Yield Bostäder.png;12;9;#EF5656;#FDE6E6;#FCF6EF
YIELD - BOSTÄDER;Investerarflykt från bostäder;0,50%;#7A2020;#EF5656;C:\Users\niklas.sviden\OneDrive - Åke Sundvalls Byggnads AB\SPELET 2\Bilder\Skapade bilder\Yield Bostäder.png;13;16;#EF5656;#FDE6E6;#FCF6EF
YIELD - BOSTÄDER;Räntechock;1,00%;#7A2020;#EF5656;C:\Users\niklas.sviden\OneDrive - Åke Sundvalls Byggnads AB\SPELET 2\Bilder\Skapade bilder\Yield Bostäder.png;14;15;#EF5656;#FDE6E6;#FCF6EF
YIELD - BOSTÄDER;Pandemins eftereffekt;0,50%;#7A2020;#EF5656;C:\Users\niklas.sviden\OneDrive - Åke Sundvalls Byggnads AB\SPELET 2\Bilder\Skapade bilder\Yield Bostäder.png;15;14;#EF5656;#FDE6E6;#FCF6EF
YIELD - BOSTÄDER;Demografisk förskjutning;1,00%;#7A2020;#EF5656;C:\Users\niklas.sviden\OneDrive - Åke Sundvalls Byggnads AB\SPELET 2\Bilder\Skapade bilder\Yield Bostäder.png;16;13;#EF5656;#FDE6E6;#FCF6EF
YIELD - KOMMERSIELLT;Stark detaljhandel;-1,00%;#7A2020;#EF5656;C:\Users\niklas.sviden\OneDrive - Åke Sundvalls Byggnads AB\SPELET 2\Bilder\Skapade bilder\Yield Kommersiellt.png;17;20;#EF5656;#FDE6E6;#FCF6EF
YIELD - KOMMERSIELLT;Ökad kontorsefterfrågan;-0,50%;#7A2020;#EF5656;C:\Users\niklas.sviden\OneDrive - Åke Sundvalls Byggnads AB\SPELET 2\Bilder\Skapade bilder\Yield Kommersiellt.png;18;19;#EF5656;#FDE6E6;#FCF6EF
YIELD - KOMMERSIELLT;E-handel pressar butiker;1,00%;#7A2020;#EF5656;C:\Users\niklas.sviden\OneDrive - Åke Sundvalls Byggnads AB\SPELET 2\Bilder\Skapade bilder\Yield Kommersiellt.png;19;18;#EF5656;#FDE6E6;#FCF6EF
YIELD - KOMMERSIELLT;Teknikbolag etablerar sig;-0,50%;#7A2020;#EF5656;C:\Users\niklas.sviden\OneDrive - Åke Sundvalls Byggnads AB\SPELET 2\Bilder\Skapade bilder\Yield Kommersiellt.png;20;17;#EF5656;#FDE6E6;#FCF6EF
YIELD - KOMMERSIELLT;Vakanser stiger i kontor;0,50%;#7A2020;#EF5656;C:\Users\niklas.sviden\OneDrive - Åke Sundvalls Byggnads AB\SPELET 2\Bilder\Skapade bilder\Yield Kommersiellt.png;21;24;#EF5656;#FDE6E6;#FCF6EF
YIELD - KOMMERSIELLT;Lågkonjunktur;0,50%;#7A2020;#EF5656;C:\Users\niklas.sviden\OneDrive - Åke Sundvalls Byggnads AB\SPELET 2\Bilder\Skapade bilder\Yield Kommersiellt.png;22;23;#EF5656;#FDE6E6;#FCF6EF
YIELD - KOMMERSIELLT;Flexkontor tar marknadsandelar;0,00%;#7A2020;#EF5656;C:\Users\niklas.sviden\OneDrive - Åke Sundvalls Byggnads AB\SPELET 2\Bilder\Skapade bilder\Yield Kommersiellt.png;23;22;#EF5656;#FDE6E6;#FCF6EF
YIELD - KOMMERSIELLT;Kommersiellt uppsving;-0,50%;#7A2020;#EF5656;C:\Users\niklas.sviden\OneDrive - Åke Sundvalls Byggnads AB\SPELET 2\Bilder\Skapade bilder\Yield Kommersiellt.png;24;21;#EF5656;#FDE6E6;#FCF6EF
YIELD - KOMMERSIELLT;Turistboom i centrum;-0,50%;#7A2020;#EF5656;C:\Users\niklas.sviden\OneDrive - Åke Sundvalls Byggnads AB\SPELET 2\Bilder\Skapade bilder\Yield Kommersiellt.png;25;28;#EF5656;#FDE6E6;#FCF6EF
YIELD - KOMMERSIELLT;Restaurangbransch växer;-0,50%;#7A2020;#EF5656;C:\Users\niklas.sviden\OneDrive - Åke Sundvalls Byggnads AB\SPELET 2\Bilder\Skapade bilder\Yield Kommersiellt.png;26;27;#EF5656;#FDE6E6;#FCF6EF
YIELD - KOMMERSIELLT;Handelsdöd i stadskärna;1,00%;#7A2020;#EF5656;C:\Users\niklas.sviden\OneDrive - Åke Sundvalls Byggnads AB\SPELET 2\Bilder\Skapade bilder\Yield Kommersiellt.png;27;26;#EF5656;#FDE6E6;#FCF6EF
YIELD - KOMMERSIELLT;Logistikhub planeras;0,00%;#7A2020;#EF5656;C:\Users\niklas.sviden\OneDrive - Åke Sundvalls Byggnads AB\SPELET 2\Bilder\Skapade bilder\Yield Kommersiellt.png;28;25;#EF5656;#FDE6E6;#FCF6EF
YIELD - KOMMERSIELLT;Kontorsflykt till förort;0,50%;#7A2020;#EF5656;C:\Users\niklas.sviden\OneDrive - Åke Sundvalls Byggnads AB\SPELET 2\Bilder\Skapade bilder\Yield Kommersiellt.png;29;32;#EF5656;#FDE6E6;#FCF6EF
YIELD - KOMMERSIELLT;Hyrestak införs;0,50%;#7A2020;#EF5656;C:\Users\niklas.sviden\OneDrive - Åke Sundvalls Byggnads AB\SPELET 2\Bilder\Skapade bilder\Yield Kommersiellt.png;30;31;#EF5656;#FDE6E6;#FCF6EF
YIELD - KOMMERSIELLT;Pandemieffekt avtar;-0,50%;#7A2020;#EF5656;C:\Users\niklas.sviden\OneDrive - Åke Sundvalls Byggnads AB\SPELET 2\Bilder\Skapade bilder\Yield Kommersiellt.png;31;30;#EF5656;#FDE6E6;#FCF6EF
YIELD - KOMMERSIELLT;Grön omställning driver efterfrågan;-1,00%;#7A2020;#EF5656;C:\Users\niklas.sviden\OneDrive - Åke Sundvalls Byggnads AB\SPELET 2\Bilder\Skapade bilder\Yield Kommersiellt.png;32;29;#EF5656;#FDE6E6;#FCF6EF
