ID;Effekt;Rubrik;Beskrivning
DD-01;dd_plus;;
DD-02;dd_plus;;
DD-03;dd_plus;;
DD-04;dd_plus;;
DD-05;dd_plus;;
DD-06;dd_plus;;
DD-07;dd_plus;;
DD-08;dd_plus;;
DD-09;dd_plus;;
DD-10;dd_plus;;
DD-11;dd_plus;;
DD-12;dd_plus;;
DD-13;dd_plus;;
DD-14;dd_plus;;
DD-15;dd_plus;;
DD-16;dd_plus;;
DD-17;dd_minus;;
DD-18;dd_minus;;
DD-19;dd_minus;;
DD-20;dd_minus;;
DD-21;dd_minus;;
DD-22;dd_minus;;
DD-23;dd_minus;;
DD-24;dd_minus;;
DD-25;dd_minus;;
DD-26;dd_minus;;
DD-27;dd_minus;;
DD-28;dd_minus;;
DD-29;dd_minus;;
DD-30;dd_minus;;
DD-31;dd_minus;;
DD-32;dd_minus;;
DD-33;dd_minus;;
DD-34;dd_minus;;
DD-35;dd_ek;;
DD-36;dd_ek;;
