ID;Effekt;Timing;Värde;Rubrik;Beskrivning
PK-01;forhandling_mod;fore_slag;+1;;
PK-02;forhandling_mod;fore_slag;+1;;
PK-03;forhandling_mod;fore_slag;+1;;
PK-04;forhandling_mod;fore_slag;+1;;
PK-05;forhandling_mod;fore_slag;+2;;
PK-06;forhandling_mod;fore_slag;+2;;
PK-07;forhandling_mod;fore_slag;+2;;
PK-08;forhandling_mod;fore_slag;+2;;
PK-09;forhandling_mod;fore_slag;+3;;
PK-10;forhandling_mod;fore_slag;+3;;
PK-11;forhandling_auto;fore_slag;;;
PK-12;forhandling_auto;fore_slag;;;
PK-13;forhandling_auto;fore_slag;;;
PK-14;energi_mod;efter_slag;+1;;
PK-15;energi_mod;efter_slag;+1;;
PK-16;energi_mod;efter_slag;+1;;
PK-17;energi_mod;efter_slag;+1;;
PK-18;energi_mod;efter_slag;+2;;
PK-19;energi_mod;efter_slag;+2;;
PK-20;energi_mod;efter_slag;+2;;
PK-21;energi_mod;efter_slag;+2;;
PK-22;energi_mod;efter_slag;+3;;
PK-23;energi_mod;efter_slag;+3;;
PK-24;lagg_dn_plus_egen;nar_som_helst;;;
PK-25;lagg_dn_plus_egen;nar_som_helst;;;
PK-26;lagg_dn_plus_egen;nar_som_helst;;;
PK-27;lagg_dn_plus_egen;nar_som_helst;;;
PK-28;lagg_dn_plus_egen;nar_som_helst;;;
PK-29;lagg_dn_plus_egen;nar_som_helst;;;
PK-30;lagg_dn_plus_egen;nar_som_helst;;;
PK-31;lagg_dn_plus_egen;nar_som_helst;;;
PK-32;stada;nar_som_helst;;;
PK-33;stada;nar_som_helst;;;
PK-34;stada;nar_som_helst;;;
PK-35;stada;nar_som_helst;;;
PK-36;stada;nar_som_helst;;;
PK-37;stada;nar_som_helst;;;
PK-38;stopp;reaktivt;;;
PK-39;stopp;reaktivt;;;
PK-40;stopp;reaktivt;;;
PK-41;stopp;reaktivt;;;
PK-42;stopp;reaktivt;;;
PK-43;kika;nar_som_helst;;;
PK-44;kika;nar_som_helst;;;
PK-45;kika;nar_som_helst;;;
PK-46;kika;nar_som_helst;;;
PK-47;sabotage_minus;nar_som_helst;;;
PK-48;sabotage_minus;nar_som_helst;;;
PK-49;sabotage_minus;nar_som_helst;;;
PK-50;sabotage_minus;nar_som_helst;;;
PK-51;sabotage_minus;nar_som_helst;;;
PK-52;sabotage_minus;nar_som_helst;;;
PK-53;sabotage_slang;nar_som_helst;;;
PK-54;sabotage_slang;nar_som_helst;;;
PK-55;sabotage_slang;nar_som_helst;;;
PK-56;dra_personkort;nar_som_helst;;;
PK-57;dra_personkort;nar_som_helst;;;
PK-58;dra_personkort;nar_som_helst;;;
PK-59;dra_personkort;nar_som_helst;;;
PK-60;dra_personkort;nar_som_helst;;;
PK-61;riskbuffert;nar_som_helst;;;
PK-62;riskbuffert;nar_som_helst;;;
PK-63;riskbuffert;nar_som_helst;;;
PK-64;riskbuffert;nar_som_helst;;;
