ID;Typ;Effekt;Synlig;Värde;Rubrik;Beskrivning
HR-01;HYRESRÄTT;dolt_plus_dn;nej;;;
HR-02;HYRESRÄTT;dolt_plus_dn;nej;;;
HR-03;HYRESRÄTT;dolt_plus_dn;nej;;;
HR-04;HYRESRÄTT;dolt_plus_dn;nej;;;
HR-05;HYRESRÄTT;dolt_plus_dn;nej;;;
HR-06;HYRESRÄTT;dolt_plus_dn;nej;;;
HR-07;HYRESRÄTT;dolt_minus_dn;nej;;;
HR-08;HYRESRÄTT;dolt_minus_dn;nej;;;
HR-09;HYRESRÄTT;dolt_minus_dn;nej;;;
HR-10;HYRESRÄTT;energi_plus;nej;;;
HR-11;HYRESRÄTT;energi_plus;nej;;;
HR-12;HYRESRÄTT;energivarning;ja;;;
HR-13;HYRESRÄTT;direkt_dn_plus;ja;;;
HR-14;HYRESRÄTT;underhallsvarning;ja;;;
HR-15;HYRESRÄTT;underhallsvarning;ja;;;
HR-16;HYRESRÄTT;underhallsvarning;ja;;;
HR-17;HYRESRÄTT;villkorskort;ja;;;
HR-18;HYRESRÄTT;villkorskort;ja;;;
HR-19;HYRESRÄTT;engangskassa_plus;ja;;;
HR-20;HYRESRÄTT;engangskassa_plus;ja;;;
HR-21;HYRESRÄTT;engangskassa_minus;ja;;;
HR-22;HYRESRÄTT;forkop;ja;;;
HR-23;HYRESRÄTT;forkop;ja;;;
FO-01;FÖRSKOLA;dolt_plus_dn;nej;;;
FO-02;FÖRSKOLA;dolt_plus_dn;nej;;;
FO-03;FÖRSKOLA;dolt_plus_dn;nej;;;
FO-04;FÖRSKOLA;dolt_plus_dn;nej;;;
FO-05;FÖRSKOLA;dolt_plus_dn;nej;;;
FO-06;FÖRSKOLA;dolt_plus_dn;nej;;;
FO-07;FÖRSKOLA;dolt_minus_dn;nej;;;
FO-08;FÖRSKOLA;dolt_minus_dn;nej;;;
FO-09;FÖRSKOLA;dolt_minus_dn;nej;;;
FO-10;FÖRSKOLA;energi_plus;nej;;;
FO-11;FÖRSKOLA;energi_plus;nej;;;
FO-12;FÖRSKOLA;energivarning;ja;;;
FO-13;FÖRSKOLA;direkt_dn_plus;ja;;;
FO-14;FÖRSKOLA;underhallsvarning;ja;;;
FO-15;FÖRSKOLA;underhallsvarning;ja;;;
FO-16;FÖRSKOLA;underhallsvarning;ja;;;
FO-17;FÖRSKOLA;villkorskort;ja;;;
FO-18;FÖRSKOLA;villkorskort;ja;;;
FO-19;FÖRSKOLA;engangskassa_plus;ja;;;
FO-20;FÖRSKOLA;engangskassa_plus;ja;;;
FO-21;FÖRSKOLA;engangskassa_plus;ja;;;
FO-22;FÖRSKOLA;forkop;ja;;;
FO-23;FÖRSKOLA;forkop;ja;;;
LO-01;LOKAL;dolt_plus_dn;nej;;;
LO-02;LOKAL;dolt_plus_dn;nej;;;
LO-03;LOKAL;dolt_plus_dn;nej;;;
LO-04;LOKAL;dolt_plus_dn;nej;;;
LO-05;LOKAL;dolt_plus_dn;nej;;;
LO-06;LOKAL;dolt_minus_dn;nej;;;
LO-07;LOKAL;dolt_minus_dn;nej;;;
LO-08;LOKAL;dolt_minus_dn;nej;;;
LO-09;LOKAL;dolt_minus_dn;nej;;;
LO-10;LOKAL;dolt_minus_dn;nej;;;
LO-11;LOKAL;dolt_minus_dn;nej;;;
LO-12;LOKAL;energi_plus;nej;;;
LO-13;LOKAL;energivarning;ja;;;
LO-14;LOKAL;energivarning;ja;;;
LO-15;LOKAL;direkt_dn_plus;ja;;;
LO-16;LOKAL;direkt_dn_minus;ja;;;
LO-17;LOKAL;underhallsvarning;ja;;;
LO-18;LOKAL;underhallsvarning;ja;;;
LO-19;LOKAL;villkorskort;ja;;;
LO-20;LOKAL;villkorskort;ja;;;
LO-21;LOKAL;engangskassa_plus;ja;;;
LO-22;LOKAL;engangskassa_plus;ja;;;
LO-23;LOKAL;engangskassa_minus;ja;;;
LO-24;LOKAL;engangskassa_minus;ja;;;
LO-25;LOKAL;forkop;ja;;;
LO-26;LOKAL;forkop;ja;;;
KO-01;KONTOR;dolt_plus_dn;nej;;;
KO-02;KONTOR;dolt_plus_dn;nej;;;
KO-03;KONTOR;dolt_plus_dn;nej;;;
KO-04;KONTOR;dolt_plus_dn;nej;;;
KO-05;KONTOR;dolt_minus_dn;nej;;;
KO-06;KONTOR;dolt_minus_dn;nej;;;
KO-07;KONTOR;dolt_minus_dn;nej;;;
KO-08;KONTOR;dolt_minus_dn;nej;;;
KO-09;KONTOR;dolt_minus_dn;nej;;;
KO-10;KONTOR;dolt_minus_dn;nej;;;
KO-11;KONTOR;energi_plus;nej;;;
KO-12;KONTOR;energivarning;ja;;;
KO-13;KONTOR;energivarning;ja;;;
KO-14;KONTOR;direkt_dn_plus;ja;;;
KO-15;KONTOR;direkt_dn_minus;ja;;;
KO-16;KONTOR;direkt_dn_minus;ja;;;
KO-17;KONTOR;underhallsvarning;ja;;;
KO-18;KONTOR;underhallsvarning;ja;;;
KO-19;KONTOR;villkorskort;ja;;;
KO-20;KONTOR;villkorskort;ja;;;
KO-21;KONTOR;villkorskort;ja;;;
KO-22;KONTOR;engangskassa_plus;ja;;;
KO-23;KONTOR;engangskassa_minus;ja;;;
KO-24;KONTOR;engangskassa_minus;ja;;;
KO-25;KONTOR;forkop;ja;;;
KO-26;KONTOR;forkop;ja;;;
