ID;Namn;Beskrivning;Bildbeskrivning;fill_color;line_color;@bild;ordning_bild;ordning_text;skede_color;bakskede;bakgrund_color;Stadsdel;stadsdelskod
DB-1;Cornelia Stadsutveckling AB;Cornelia Stadsutveckling AB är ett dotterbolag till Holiday House Holding AB. Uppdraget är avgränsat: att utveckla ett kvarter i staden Åkepol — från projektutveckling, genom planering och genomförande, till långsiktig förvaltning. Moderbolaget står bakom som tyst men kapitalstark partner och garanterar byggnadskreditiv. Strategin lägger ledningsgruppen — det är ert uppdrag.;Smal stenkantad gata mellan tva rader av lagre bostadshus med stora fonster, eftermiddagsljus.;#7A2020;#7A2020;C:\Users\niklas.sviden\OneDrive - Åke Sundvalls Byggnads AB\SPELET 2\Bilder\Skapade bilder\Dotterbolag Cornelia Stadsutveckling AB.png;1;4;#7A2020;#FAEBEB;#FCF6EF;2;
DB-10;Bettyparken AB;Bettyparken AB är ett dotterbolag till Holiday House Holding AB. Uppdraget är avgränsat: att utveckla ett kvarter i staden Åkepol — från projektutveckling, genom planering och genomförande, till långsiktig förvaltning. Moderbolaget står bakom som tyst men kapitalstark partner och garanterar byggnadskreditiv. Strategin lägger ledningsgruppen — det är ert uppdrag.;Lugn forortspark med lekplats omgiven av laghusbebyggelse, sommareftermiddag.;#7A2020;#7A2020;C:\Users\niklas.sviden\OneDrive - Åke Sundvalls Byggnads AB\SPELET 2\Bilder\Skapade bilder\Dotterbolag Bettyparken AB.png;10;11;#7A2020;#FAEBEB;#FCF6EF;2;
DB-11;Dagsljus Stadsutveckling AB;Dagsljus Stadsutveckling AB är ett dotterbolag till Holiday House Holding AB. Uppdraget är avgränsat: att utveckla ett kvarter i staden Åkepol — från projektutveckling, genom planering och genomförande, till långsiktig förvaltning. Moderbolaget står bakom som tyst men kapitalstark partner och garanterar byggnadskreditiv. Strategin lägger ledningsgruppen — det är ert uppdrag.;Klart morgonljus over ett blandat bostadskvarter, klar himmel.;#7A2020;#7A2020;C:\Users\niklas.sviden\OneDrive - Åke Sundvalls Byggnads AB\SPELET 2\Bilder\Skapade bilder\Dotterbolag Dagsljus Stadsutveckling AB.png;11;10;#7A2020;#FAEBEB;#FCF6EF;;
DB-12;Mastermind Stadsbygg AB;Mastermind Stadsbygg AB är ett dotterbolag till Holiday House Holding AB. Uppdraget är avgränsat: att utveckla ett kvarter i staden Åkepol — från projektutveckling, genom planering och genomförande, till långsiktig förvaltning. Moderbolaget står bakom som tyst men kapitalstark partner och garanterar byggnadskreditiv. Strategin lägger ledningsgruppen — det är ert uppdrag.;Geometriskt rutnatstorg med byggnader i tydlig orientering, isometriskt perspektiv.;#7A2020;#7A2020;C:\Users\niklas.sviden\OneDrive - Åke Sundvalls Byggnads AB\SPELET 2\Bilder\Skapade bilder\Dotterbolag Mastermind Stadsbygg AB.png;12;9;#7A2020;#FAEBEB;#FCF6EF;1;
DB-13;Snöstranden Etapp 3;Snöstranden Etapp 3 är ett dotterbolag till Holiday House Holding AB. Uppdraget är avgränsat: att utveckla ett kvarter i staden Åkepol — från projektutveckling, genom planering och genomförande, till långsiktig förvaltning. Moderbolaget står bakom som tyst men kapitalstark partner och garanterar byggnadskreditiv. Strategin lägger ledningsgruppen — det är ert uppdrag.;Sandstrand som moter staden vintertid, bostadshus langs hamnpromenaden, sno pa sand.;#7A2020;#7A2020;C:\Users\niklas.sviden\OneDrive - Åke Sundvalls Byggnads AB\SPELET 2\Bilder\Skapade bilder\Dotterbolag Snöstranden Etapp 3.png;13;16;#7A2020;#FAEBEB;#FCF6EF;1;
DB-14;Champagneparken Utveckling;Champagneparken Utveckling är ett dotterbolag till Holiday House Holding AB. Uppdraget är avgränsat: att utveckla ett kvarter i staden Åkepol — från projektutveckling, genom planering och genomförande, till långsiktig förvaltning. Moderbolaget står bakom som tyst men kapitalstark partner och garanterar byggnadskreditiv. Strategin lägger ledningsgruppen — det är ert uppdrag.;Stadspark vid solnedgang med varma toner, laghusbebyggelse runt om.;#7A2020;#7A2020;C:\Users\niklas.sviden\OneDrive - Åke Sundvalls Byggnads AB\SPELET 2\Bilder\Skapade bilder\Dotterbolag Champagneparken Utveckling.png;14;15;#7A2020;#FAEBEB;#FCF6EF;4;
DB-15;Karma Kvartersbolag AB;Karma Kvartersbolag AB är ett dotterbolag till Holiday House Holding AB. Uppdraget är avgränsat: att utveckla ett kvarter i staden Åkepol — från projektutveckling, genom planering och genomförande, till långsiktig förvaltning. Moderbolaget står bakom som tyst men kapitalstark partner och garanterar byggnadskreditiv. Strategin lägger ledningsgruppen — det är ert uppdrag.;Stadsdel sett ovanifran med cirkular gatuplan, mjukt eftermiddagsljus.;#7A2020;#7A2020;C:\Users\niklas.sviden\OneDrive - Åke Sundvalls Byggnads AB\SPELET 2\Bilder\Skapade bilder\Dotterbolag Karma Kvartersbolag AB.png;15;14;#7A2020;#FAEBEB;#FCF6EF;5;
DB-16;Londongatan Stadsbygg;Londongatan Stadsbygg är ett dotterbolag till Holiday House Holding AB. Uppdraget är avgränsat: att utveckla ett kvarter i staden Åkepol — från projektutveckling, genom planering och genomförande, till långsiktig förvaltning. Moderbolaget står bakom som tyst men kapitalstark partner och garanterar byggnadskreditiv. Strategin lägger ledningsgruppen — det är ert uppdrag.;Gata av tegel- och stenhus i tidig morgondimma, lyktor lyser.;#7A2020;#7A2020;C:\Users\niklas.sviden\OneDrive - Åke Sundvalls Byggnads AB\SPELET 2\Bilder\Skapade bilder\Dotterbolag Londongatan Stadsbygg.png;16;13;#7A2020;#FAEBEB;#FCF6EF;2;
DB-17;Floridagatan Etapp 2;Floridagatan Etapp 2 är ett dotterbolag till Holiday House Holding AB. Uppdraget är avgränsat: att utveckla ett kvarter i staden Åkepol — från projektutveckling, genom planering och genomförande, till långsiktig förvaltning. Moderbolaget står bakom som tyst men kapitalstark partner och garanterar byggnadskreditiv. Strategin lägger ledningsgruppen — det är ert uppdrag.;Solig gata med pastellfargade fasader och laga byggnader, sen eftermiddag.;#7A2020;#7A2020;C:\Users\niklas.sviden\OneDrive - Åke Sundvalls Byggnads AB\SPELET 2\Bilder\Skapade bilder\Dotterbolag Floridagatan Etapp 2.png;17;20;#7A2020;#FAEBEB;#FCF6EF;3;
DB-18;Skogskanten Stadsdel AB;Skogskanten Stadsdel AB är ett dotterbolag till Holiday House Holding AB. Uppdraget är avgränsat: att utveckla ett kvarter i staden Åkepol — från projektutveckling, genom planering och genomförande, till långsiktig förvaltning. Moderbolaget står bakom som tyst men kapitalstark partner och garanterar byggnadskreditiv. Strategin lägger ledningsgruppen — det är ert uppdrag.;Bostadsbebyggelse som moter skogkanten, hosttid.;#7A2020;#7A2020;C:\Users\niklas.sviden\OneDrive - Åke Sundvalls Byggnads AB\SPELET 2\Bilder\Skapade bilder\Dotterbolag Skogskanten Stadsdel AB.png;18;19;#7A2020;#FAEBEB;#FCF6EF;1;
DB-19;Stilkvarteret Utveckling;Stilkvarteret Utveckling är ett dotterbolag till Holiday House Holding AB. Uppdraget är avgränsat: att utveckla ett kvarter i staden Åkepol — från projektutveckling, genom planering och genomförande, till långsiktig förvaltning. Moderbolaget står bakom som tyst men kapitalstark partner och garanterar byggnadskreditiv. Strategin lägger ledningsgruppen — det är ert uppdrag.;Bostadskvarter med tydliga raka linjer i fasaderna, neutralt dagsljus.;#7A2020;#7A2020;C:\Users\niklas.sviden\OneDrive - Åke Sundvalls Byggnads AB\SPELET 2\Bilder\Skapade bilder\Dotterbolag Stilkvarteret Utveckling.png;19;18;#7A2020;#FAEBEB;#FCF6EF;4;
DB-2;Cardiganparken Etapp 4;Cardiganparken Etapp 4 är ett dotterbolag till Holiday House Holding AB. Uppdraget är avgränsat: att utveckla ett kvarter i staden Åkepol — från projektutveckling, genom planering och genomförande, till långsiktig förvaltning. Moderbolaget står bakom som tyst men kapitalstark partner och garanterar byggnadskreditiv. Strategin lägger ledningsgruppen — det är ert uppdrag.;Snotackt stadspark med lyktstolpar som tands i skymningen, lugn vinterstamning.;#7A2020;#7A2020;C:\Users\niklas.sviden\OneDrive - Åke Sundvalls Byggnads AB\SPELET 2\Bilder\Skapade bilder\Dotterbolag Cardiganparken Etapp 4.png;2;3;#7A2020;#FAEBEB;#FCF6EF;3;
DB-20;Etapp 22 Stadsbygg AB;Etapp 22 Stadsbygg AB är ett dotterbolag till Holiday House Holding AB. Uppdraget är avgränsat: att utveckla ett kvarter i staden Åkepol — från projektutveckling, genom planering och genomförande, till långsiktig förvaltning. Moderbolaget står bakom som tyst men kapitalstark partner och garanterar byggnadskreditiv. Strategin lägger ledningsgruppen — det är ert uppdrag.;Modernt blandat kvarter i tidig kvall, gatlyktor borjar tandas.;#7A2020;#7A2020;C:\Users\niklas.sviden\OneDrive - Åke Sundvalls Byggnads AB\SPELET 2\Bilder\Skapade bilder\Dotterbolag Etapp 22 Stadsbygg AB.png;20;17;#7A2020;#FAEBEB;#FCF6EF;4;
DB-3;Pilbäcken Kvartersbolag;Pilbäcken Kvartersbolag är ett dotterbolag till Holiday House Holding AB. Uppdraget är avgränsat: att utveckla ett kvarter i staden Åkepol — från projektutveckling, genom planering och genomförande, till långsiktig förvaltning. Moderbolaget står bakom som tyst men kapitalstark partner och garanterar byggnadskreditiv. Strategin lägger ledningsgruppen — det är ert uppdrag.;Bostadshus langs en backe kantad av pilrad, lugn sommareftermiddag.;#7A2020;#7A2020;C:\Users\niklas.sviden\OneDrive - Åke Sundvalls Byggnads AB\SPELET 2\Bilder\Skapade bilder\Dotterbolag Pilbäcken Kvartersbolag.png;3;2;#7A2020;#FAEBEB;#FCF6EF;5;
DB-4;Augustkvarteret AB;Augustkvarteret AB är ett dotterbolag till Holiday House Holding AB. Uppdraget är avgränsat: att utveckla ett kvarter i staden Åkepol — från projektutveckling, genom planering och genomförande, till långsiktig förvaltning. Moderbolaget står bakom som tyst men kapitalstark partner och garanterar byggnadskreditiv. Strategin lägger ledningsgruppen — det är ert uppdrag.;Tegelhus i sensommarens varma kvallsljus, klatterväxter pa fasaderna.;#7A2020;#7A2020;C:\Users\niklas.sviden\OneDrive - Åke Sundvalls Byggnads AB\SPELET 2\Bilder\Skapade bilder\Dotterbolag Augustkvarteret AB.png;4;1;#7A2020;#FAEBEB;#FCF6EF;1;
DB-5;Lavendelängen Stadsbygg;Lavendelängen Stadsbygg är ett dotterbolag till Holiday House Holding AB. Uppdraget är avgränsat: att utveckla ett kvarter i staden Åkepol — från projektutveckling, genom planering och genomförande, till långsiktig förvaltning. Moderbolaget står bakom som tyst men kapitalstark partner och garanterar byggnadskreditiv. Strategin lägger ledningsgruppen — det är ert uppdrag.;Bostadskvarter i utkanten av staden med lavendelfalt synliga i bakgrunden, mjuk kvallsdimma.;#7A2020;#7A2020;C:\Users\niklas.sviden\OneDrive - Åke Sundvalls Byggnads AB\SPELET 2\Bilder\Skapade bilder\Dotterbolag Lavendelängen Stadsbygg.png;5;8;#7A2020;#FAEBEB;#FCF6EF;2;
DB-6;Marjorie Utveckling AB;Marjorie Utveckling AB är ett dotterbolag till Holiday House Holding AB. Uppdraget är avgränsat: att utveckla ett kvarter i staden Åkepol — från projektutveckling, genom planering och genomförande, till långsiktig förvaltning. Moderbolaget står bakom som tyst men kapitalstark partner och garanterar byggnadskreditiv. Strategin lägger ledningsgruppen — det är ert uppdrag.;Klassiskt tegelhus med terrasser och klatterväxter, varm eftermiddagssol.;#7A2020;#7A2020;C:\Users\niklas.sviden\OneDrive - Åke Sundvalls Byggnads AB\SPELET 2\Bilder\Skapade bilder\Dotterbolag Marjorie Utveckling AB.png;6;7;#7A2020;#FAEBEB;#FCF6EF;3;
DB-7;Maroon Kvartersbolag AB;Maroon Kvartersbolag AB är ett dotterbolag till Holiday House Holding AB. Uppdraget är avgränsat: att utveckla ett kvarter i staden Åkepol — från projektutveckling, genom planering och genomförande, till långsiktig förvaltning. Moderbolaget står bakom som tyst men kapitalstark partner och garanterar byggnadskreditiv. Strategin lägger ledningsgruppen — det är ert uppdrag.;Hostgata med roda lov och tegelfasader i djupa vinroda toner, sen eftermiddag.;#7A2020;#7A2020;C:\Users\niklas.sviden\OneDrive - Åke Sundvalls Byggnads AB\SPELET 2\Bilder\Skapade bilder\Dotterbolag Maroon Kvartersbolag AB.png;7;6;#7A2020;#FAEBEB;#FCF6EF;5;
DB-8;Helig Mark Stadsdel AB;Helig Mark Stadsdel AB är ett dotterbolag till Holiday House Holding AB. Uppdraget är avgränsat: att utveckla ett kvarter i staden Åkepol — från projektutveckling, genom planering och genomförande, till långsiktig förvaltning. Moderbolaget står bakom som tyst men kapitalstark partner och garanterar byggnadskreditiv. Strategin lägger ledningsgruppen — det är ert uppdrag.;Stadsdel dar en aldre byggnad med spira moter modern arkitektur, gryningsljus.;#7A2020;#7A2020;C:\Users\niklas.sviden\OneDrive - Åke Sundvalls Byggnads AB\SPELET 2\Bilder\Skapade bilder\Dotterbolag Helig Mark Stadsdel AB.png;8;5;#7A2020;#FAEBEB;#FCF6EF;;
DB-9;Drömkvarteret Etapp 2;Drömkvarteret Etapp 2 är ett dotterbolag till Holiday House Holding AB. Uppdraget är avgränsat: att utveckla ett kvarter i staden Åkepol — från projektutveckling, genom planering och genomförande, till långsiktig förvaltning. Moderbolaget står bakom som tyst men kapitalstark partner och garanterar byggnadskreditiv. Strategin lägger ledningsgruppen — det är ert uppdrag.;Bostadskvarter i mjuk skymning, diffust magiskt ljus.;#7A2020;#7A2020;C:\Users\niklas.sviden\OneDrive - Åke Sundvalls Byggnads AB\SPELET 2\Bilder\Skapade bilder\Dotterbolag Drömkvarteret Etapp 2.png;9;12;#7A2020;#FAEBEB;#FCF6EF;;
