ID;Namn;Beskrivning;fill_color;line_color;@bild;ordning_bild;ordning_text;skede_color;bakskede;bakgrund_color
JV-1;Cornelia Stadsutveckling JV;Cornelia Stadsutveckling JV är ett joint venture mellan er bolagsledning och Moderbolaget. Uppdraget är avgränsat: att utveckla ett kvarter i staden Åkepol — från projektutveckling, genom planering och genomförande, till långsiktig förvaltning. Moderbolaget står bakom som tyst men kapitalstark partner och garanterar byggnadskreditiv. Strategin lägger ni själva — det är ledningens uppgift.;#7A2020;#7A2020;;1;4;#7A2020;#FAEBEB;#FCF6EF
JV-2;Cardiganparken Etapp 4;Cardiganparken Etapp 4 är ett joint venture mellan er bolagsledning och Moderbolaget. Uppdraget är avgränsat: att utveckla ett kvarter i staden Åkepol — från projektutveckling, genom planering och genomförande, till långsiktig förvaltning. Moderbolaget står bakom som tyst men kapitalstark partner och garanterar byggnadskreditiv. Strategin lägger ni själva — det är ledningens uppgift.;#7A2020;#7A2020;;2;3;#7A2020;#FAEBEB;#FCF6EF
JV-3;Pilbäcken Kvartersbolag;Pilbäcken Kvartersbolag är ett joint venture mellan er bolagsledning och Moderbolaget. Uppdraget är avgränsat: att utveckla ett kvarter i staden Åkepol — från projektutveckling, genom planering och genomförande, till långsiktig förvaltning. Moderbolaget står bakom som tyst men kapitalstark partner och garanterar byggnadskreditiv. Strategin lägger ni själva — det är ledningens uppgift.;#7A2020;#7A2020;;3;2;#7A2020;#FAEBEB;#FCF6EF
JV-4;Augustkvarteret JV;Augustkvarteret JV är ett joint venture mellan er bolagsledning och Moderbolaget. Uppdraget är avgränsat: att utveckla ett kvarter i staden Åkepol — från projektutveckling, genom planering och genomförande, till långsiktig förvaltning. Moderbolaget står bakom som tyst men kapitalstark partner och garanterar byggnadskreditiv. Strategin lägger ni själva — det är ledningens uppgift.;#7A2020;#7A2020;;4;1;#7A2020;#FAEBEB;#FCF6EF
JV-5;Lavendelängen Stadsbygg;Lavendelängen Stadsbygg är ett joint venture mellan er bolagsledning och Moderbolaget. Uppdraget är avgränsat: att utveckla ett kvarter i staden Åkepol — från projektutveckling, genom planering och genomförande, till långsiktig förvaltning. Moderbolaget står bakom som tyst men kapitalstark partner och garanterar byggnadskreditiv. Strategin lägger ni själva — det är ledningens uppgift.;#7A2020;#7A2020;;5;8;#7A2020;#FAEBEB;#FCF6EF
JV-6;Marjorie Utveckling JV;Marjorie Utveckling JV är ett joint venture mellan er bolagsledning och Moderbolaget. Uppdraget är avgränsat: att utveckla ett kvarter i staden Åkepol — från projektutveckling, genom planering och genomförande, till långsiktig förvaltning. Moderbolaget står bakom som tyst men kapitalstark partner och garanterar byggnadskreditiv. Strategin lägger ni själva — det är ledningens uppgift.;#7A2020;#7A2020;;6;7;#7A2020;#FAEBEB;#FCF6EF
JV-7;Maroon Kvartersbolag AB;Maroon Kvartersbolag AB är ett joint venture mellan er bolagsledning och Moderbolaget. Uppdraget är avgränsat: att utveckla ett kvarter i staden Åkepol — från projektutveckling, genom planering och genomförande, till långsiktig förvaltning. Moderbolaget står bakom som tyst men kapitalstark partner och garanterar byggnadskreditiv. Strategin lägger ni själva — det är ledningens uppgift.;#7A2020;#7A2020;;7;6;#7A2020;#FAEBEB;#FCF6EF
JV-8;Helig Mark Stadsdel JV;Helig Mark Stadsdel JV är ett joint venture mellan er bolagsledning och Moderbolaget. Uppdraget är avgränsat: att utveckla ett kvarter i staden Åkepol — från projektutveckling, genom planering och genomförande, till långsiktig förvaltning. Moderbolaget står bakom som tyst men kapitalstark partner och garanterar byggnadskreditiv. Strategin lägger ni själva — det är ledningens uppgift.;#7A2020;#7A2020;;8;5;#7A2020;#FAEBEB;#FCF6EF
JV-9;Drömkvarteret Etapp 2;Drömkvarteret Etapp 2 är ett joint venture mellan er bolagsledning och Moderbolaget. Uppdraget är avgränsat: att utveckla ett kvarter i staden Åkepol — från projektutveckling, genom planering och genomförande, till långsiktig förvaltning. Moderbolaget står bakom som tyst men kapitalstark partner och garanterar byggnadskreditiv. Strategin lägger ni själva — det är ledningens uppgift.;#7A2020;#7A2020;;9;12;#7A2020;#FAEBEB;#FCF6EF
JV-10;Bettyparken AB;Bettyparken AB är ett joint venture mellan er bolagsledning och Moderbolaget. Uppdraget är avgränsat: att utveckla ett kvarter i staden Åkepol — från projektutveckling, genom planering och genomförande, till långsiktig förvaltning. Moderbolaget står bakom som tyst men kapitalstark partner och garanterar byggnadskreditiv. Strategin lägger ni själva — det är ledningens uppgift.;#7A2020;#7A2020;;10;11;#7A2020;#FAEBEB;#FCF6EF
JV-11;Dagsljus Stadsutveckling JV;Dagsljus Stadsutveckling JV är ett joint venture mellan er bolagsledning och Moderbolaget. Uppdraget är avgränsat: att utveckla ett kvarter i staden Åkepol — från projektutveckling, genom planering och genomförande, till långsiktig förvaltning. Moderbolaget står bakom som tyst men kapitalstark partner och garanterar byggnadskreditiv. Strategin lägger ni själva — det är ledningens uppgift.;#7A2020;#7A2020;;11;10;#7A2020;#FAEBEB;#FCF6EF
JV-12;Mastermind Stadsbygg AB;Mastermind Stadsbygg AB är ett joint venture mellan er bolagsledning och Moderbolaget. Uppdraget är avgränsat: att utveckla ett kvarter i staden Åkepol — från projektutveckling, genom planering och genomförande, till långsiktig förvaltning. Moderbolaget står bakom som tyst men kapitalstark partner och garanterar byggnadskreditiv. Strategin lägger ni själva — det är ledningens uppgift.;#7A2020;#7A2020;;12;9;#7A2020;#FAEBEB;#FCF6EF
JV-13;Snöstranden Etapp 3;Snöstranden Etapp 3 är ett joint venture mellan er bolagsledning och Moderbolaget. Uppdraget är avgränsat: att utveckla ett kvarter i staden Åkepol — från projektutveckling, genom planering och genomförande, till långsiktig förvaltning. Moderbolaget står bakom som tyst men kapitalstark partner och garanterar byggnadskreditiv. Strategin lägger ni själva — det är ledningens uppgift.;#7A2020;#7A2020;;13;16;#7A2020;#FAEBEB;#FCF6EF
JV-14;Champagneparken Utveckling;Champagneparken Utveckling är ett joint venture mellan er bolagsledning och Moderbolaget. Uppdraget är avgränsat: att utveckla ett kvarter i staden Åkepol — från projektutveckling, genom planering och genomförande, till långsiktig förvaltning. Moderbolaget står bakom som tyst men kapitalstark partner och garanterar byggnadskreditiv. Strategin lägger ni själva — det är ledningens uppgift.;#7A2020;#7A2020;;14;15;#7A2020;#FAEBEB;#FCF6EF
JV-15;Karma Kvartersbolag JV;Karma Kvartersbolag JV är ett joint venture mellan er bolagsledning och Moderbolaget. Uppdraget är avgränsat: att utveckla ett kvarter i staden Åkepol — från projektutveckling, genom planering och genomförande, till långsiktig förvaltning. Moderbolaget står bakom som tyst men kapitalstark partner och garanterar byggnadskreditiv. Strategin lägger ni själva — det är ledningens uppgift.;#7A2020;#7A2020;;15;14;#7A2020;#FAEBEB;#FCF6EF
JV-16;Londongatan Stadsbygg;Londongatan Stadsbygg är ett joint venture mellan er bolagsledning och Moderbolaget. Uppdraget är avgränsat: att utveckla ett kvarter i staden Åkepol — från projektutveckling, genom planering och genomförande, till långsiktig förvaltning. Moderbolaget står bakom som tyst men kapitalstark partner och garanterar byggnadskreditiv. Strategin lägger ni själva — det är ledningens uppgift.;#7A2020;#7A2020;;16;13;#7A2020;#FAEBEB;#FCF6EF
JV-17;Floridagatan Etapp 2;Floridagatan Etapp 2 är ett joint venture mellan er bolagsledning och Moderbolaget. Uppdraget är avgränsat: att utveckla ett kvarter i staden Åkepol — från projektutveckling, genom planering och genomförande, till långsiktig förvaltning. Moderbolaget står bakom som tyst men kapitalstark partner och garanterar byggnadskreditiv. Strategin lägger ni själva — det är ledningens uppgift.;#7A2020;#7A2020;;17;20;#7A2020;#FAEBEB;#FCF6EF
JV-18;Skogskanten Stadsdel JV;Skogskanten Stadsdel JV är ett joint venture mellan er bolagsledning och Moderbolaget. Uppdraget är avgränsat: att utveckla ett kvarter i staden Åkepol — från projektutveckling, genom planering och genomförande, till långsiktig förvaltning. Moderbolaget står bakom som tyst men kapitalstark partner och garanterar byggnadskreditiv. Strategin lägger ni själva — det är ledningens uppgift.;#7A2020;#7A2020;;18;19;#7A2020;#FAEBEB;#FCF6EF
JV-19;Stilkvarteret Utveckling;Stilkvarteret Utveckling är ett joint venture mellan er bolagsledning och Moderbolaget. Uppdraget är avgränsat: att utveckla ett kvarter i staden Åkepol — från projektutveckling, genom planering och genomförande, till långsiktig förvaltning. Moderbolaget står bakom som tyst men kapitalstark partner och garanterar byggnadskreditiv. Strategin lägger ni själva — det är ledningens uppgift.;#7A2020;#7A2020;;19;18;#7A2020;#FAEBEB;#FCF6EF
JV-20;Etapp 22 Stadsbygg JV;Etapp 22 Stadsbygg JV är ett joint venture mellan er bolagsledning och Moderbolaget. Uppdraget är avgränsat: att utveckla ett kvarter i staden Åkepol — från projektutveckling, genom planering och genomförande, till långsiktig förvaltning. Moderbolaget står bakom som tyst men kapitalstark partner och garanterar byggnadskreditiv. Strategin lägger ni själva — det är ledningens uppgift.;#7A2020;#7A2020;;20;17;#7A2020;#FAEBEB;#FCF6EF
