ID;Roll;Namn;Förnamn;JV_Namn;mailadress;@bild;Bräde
M1;CFO;Adam Hamid;Adam;Etapp 22 Stadsbygg AB;adam.hamid@akesundvall.se;C:\Users\niklas.sviden\OneDrive - Åke Sundvalls Byggnads AB\SPELET 2\Bilder\Skapade bilder\Dotterbolag Etapp 22 Stadsbygg AB.png;4
M10;COO;Caroline Edstråle;Caroline;Augustkvarteret AB;caroline.edstrale@akesundvall.se;C:\Users\niklas.sviden\OneDrive - Åke Sundvalls Byggnads AB\SPELET 2\Bilder\Skapade bilder\Dotterbolag Augustkvarteret AB.png;1
M11;COO;Christel Löfqvist;Christel;Marjorie Utveckling AB;christel.lofqvist@akesundvall.se;C:\Users\niklas.sviden\OneDrive - Åke Sundvalls Byggnads AB\SPELET 2\Bilder\Skapade bilder\Dotterbolag Marjorie Utveckling AB.png;3
M52;COO;Christina Ljung;Christel;Marjorie Utveckling AB;christina.ljung@akesundvall.se;C:\Users\niklas.sviden\OneDrive - Åke Sundvalls Byggnads AB\SPELET 2\Bilder\Skapade bilder\Dotterbolag Marjorie Utveckling AB.png;3
M12;CEO;Conny Mård;Conny;Maroon Kvartersbolag AB;conny.mard@akesundvall.se;C:\Users\niklas.sviden\OneDrive - Åke Sundvalls Byggnads AB\SPELET 2\Bilder\Skapade bilder\Dotterbolag Maroon Kvartersbolag AB.png;5
M13;COO;Daniel Grevin;Daniel;Maroon Kvartersbolag AB;daniel.grevin@akesundvall.se;C:\Users\niklas.sviden\OneDrive - Åke Sundvalls Byggnads AB\SPELET 2\Bilder\Skapade bilder\Dotterbolag Maroon Kvartersbolag AB.png;5
M14;CEO;Erik Pettersson;Erik;Augustkvarteret AB;erik.pettersson@akesundvall.se;C:\Users\niklas.sviden\OneDrive - Åke Sundvalls Byggnads AB\SPELET 2\Bilder\Skapade bilder\Dotterbolag Augustkvarteret AB.png;1
M15;CEO;Erik Sundvall;Erik;Etapp 22 Stadsbygg AB;erik.sundvall@akesundvall.se;C:\Users\niklas.sviden\OneDrive - Åke Sundvalls Byggnads AB\SPELET 2\Bilder\Skapade bilder\Dotterbolag Etapp 22 Stadsbygg AB.png;4
M16;CFO;Esra Özuer;Esra;Snöstranden Etapp 3;esra.ozuer@akesundvall.se;C:\Users\niklas.sviden\OneDrive - Åke Sundvalls Byggnads AB\SPELET 2\Bilder\Skapade bilder\Dotterbolag Snöstranden Etapp 3.png;1
M17;CFO;Fanny Åkerström;Fanny;Skogskanten Stadsdel AB;fanny.akerstrom@akesundvall.se;C:\Users\niklas.sviden\OneDrive - Åke Sundvalls Byggnads AB\SPELET 2\Bilder\Skapade bilder\Dotterbolag Skogskanten Stadsdel AB.png;1
M18;CEO;Göran Sundvall;Göran;Skogskanten Stadsdel AB;goran.sundvall@akesundvall.se;C:\Users\niklas.sviden\OneDrive - Åke Sundvalls Byggnads AB\SPELET 2\Bilder\Skapade bilder\Dotterbolag Skogskanten Stadsdel AB.png;1
M19;COO;Hanna Olofsson Wallén;Hanna;Floridagatan Etapp 2;hanna.olofsson.wallen@akesundvall.se;C:\Users\niklas.sviden\OneDrive - Åke Sundvalls Byggnads AB\SPELET 2\Bilder\Skapade bilder\Dotterbolag Floridagatan Etapp 2.png;3
M2;CFO;Alexander Hedberg;Alexander;Pilbäcken Kvartersbolag;alexander.hedberg@akesundvall.se;C:\Users\niklas.sviden\OneDrive - Åke Sundvalls Byggnads AB\SPELET 2\Bilder\Skapade bilder\Dotterbolag Pilbäcken Kvartersbolag.png;5
M20;COO;Ihsan Kayhan;Ihsan;Londongatan Stadsbygg;ihsan.kayhan@akesundvall.se;C:\Users\niklas.sviden\OneDrive - Åke Sundvalls Byggnads AB\SPELET 2\Bilder\Skapade bilder\Dotterbolag Londongatan Stadsbygg.png;2
M21;CFO;Jannica Råsten;Jannica;Floridagatan Etapp 2;jannica.rasten@akesundvall.se;C:\Users\niklas.sviden\OneDrive - Åke Sundvalls Byggnads AB\SPELET 2\Bilder\Skapade bilder\Dotterbolag Floridagatan Etapp 2.png;3
M22;COO;Joakim Lindgren;Joakim;Etapp 22 Stadsbygg AB;joakim.lindgren@akesundvall.se;C:\Users\niklas.sviden\OneDrive - Åke Sundvalls Byggnads AB\SPELET 2\Bilder\Skapade bilder\Dotterbolag Etapp 22 Stadsbygg AB.png;4
M23;COO;Joakim Jonasson;Joakim;Stilkvarteret Utveckling;joakim.jonasson@akesundvall.se;C:\Users\niklas.sviden\OneDrive - Åke Sundvalls Byggnads AB\SPELET 2\Bilder\Skapade bilder\Dotterbolag Stilkvarteret Utveckling.png;4
M24;CEO;Joakim Mellbin;Joakim;Marjorie Utveckling AB;joakim.mellbin@akesundvall.se;C:\Users\niklas.sviden\OneDrive - Åke Sundvalls Byggnads AB\SPELET 2\Bilder\Skapade bilder\Dotterbolag Marjorie Utveckling AB.png;3
M25;CFO;Joakim Mård;Joakim;Karma Kvartersbolag AB;joakim.mard@akesundvall.se;C:\Users\niklas.sviden\OneDrive - Åke Sundvalls Byggnads AB\SPELET 2\Bilder\Skapade bilder\Dotterbolag Karma Kvartersbolag AB.png;5
M26;COO;Lotta Areskär ;Lotta;Skogskanten Stadsdel AB;lotta.areskar@akesundvall.se;C:\Users\niklas.sviden\OneDrive - Åke Sundvalls Byggnads AB\SPELET 2\Bilder\Skapade bilder\Dotterbolag Skogskanten Stadsdel AB.png;1
M27;CEO;Magnus Carlsson ;Magnus;Snöstranden Etapp 3;magnus.carlsson@akesundvall.se;C:\Users\niklas.sviden\OneDrive - Åke Sundvalls Byggnads AB\SPELET 2\Bilder\Skapade bilder\Dotterbolag Snöstranden Etapp 3.png;1
M28;CFO;Magnus Ojala;Magnus;Stilkvarteret Utveckling;magnus.ojala@akesundvall.se;C:\Users\niklas.sviden\OneDrive - Åke Sundvalls Byggnads AB\SPELET 2\Bilder\Skapade bilder\Dotterbolag Stilkvarteret Utveckling.png;4
M29;CEO;Maja Katzler ;Maja;Champagneparken Utveckling;maja.katzler@akesundvall.se;C:\Users\niklas.sviden\OneDrive - Åke Sundvalls Byggnads AB\SPELET 2\Bilder\Skapade bilder\Dotterbolag Champagneparken Utveckling.png;4
M3;CEO;Alice Fazel;Alice;Cornelia Stadsutveckling AB;alice.fazel@akesundvall.se;C:\Users\niklas.sviden\OneDrive - Åke Sundvalls Byggnads AB\SPELET 2\Bilder\Skapade bilder\Dotterbolag Cornelia Stadsutveckling AB.png;2
M30;CEO;Marina Forsberg;Marina;Floridagatan Etapp 2;marina.forsberg@akesundvall.se;C:\Users\niklas.sviden\OneDrive - Åke Sundvalls Byggnads AB\SPELET 2\Bilder\Skapade bilder\Dotterbolag Floridagatan Etapp 2.png;3
M31;CEO;Martin Sundvall;Martin;Cardiganparken Etapp 4;martin.sundvall@akesundvall.se;C:\Users\niklas.sviden\OneDrive - Åke Sundvalls Byggnads AB\SPELET 2\Bilder\Skapade bilder\Dotterbolag Cardiganparken Etapp 4.png;3
M32;CEO;Mathilda Chrisdotter;Mathilda;Mastermind Stadsbygg AB;mathilda.chrisdotter@akesundvall.se;C:\Users\niklas.sviden\OneDrive - Åke Sundvalls Byggnads AB\SPELET 2\Bilder\Skapade bilder\Dotterbolag Mastermind Stadsbygg AB.png;1
M33;CFO;Mercy Belay;Mercy;Londongatan Stadsbygg;mercy.belay@akesundvall.se;C:\Users\niklas.sviden\OneDrive - Åke Sundvalls Byggnads AB\SPELET 2\Bilder\Skapade bilder\Dotterbolag Londongatan Stadsbygg.png;2
M34;COO;Natasha Mridha;Natasha;Karma Kvartersbolag AB;natasha.mridha@akesundvall.se;C:\Users\niklas.sviden\OneDrive - Åke Sundvalls Byggnads AB\SPELET 2\Bilder\Skapade bilder\Dotterbolag Karma Kvartersbolag AB.png;5
M35;COO;Nina Khosravi;Nina;Cornelia Stadsutveckling AB;nina.khosravi@akesundvall.se;C:\Users\niklas.sviden\OneDrive - Åke Sundvalls Byggnads AB\SPELET 2\Bilder\Skapade bilder\Dotterbolag Cornelia Stadsutveckling AB.png;2
M36;COO;Ola Eriksson ;Ola;Snöstranden Etapp 3;ola.eriksson@akesundvall.se;C:\Users\niklas.sviden\OneDrive - Åke Sundvalls Byggnads AB\SPELET 2\Bilder\Skapade bilder\Dotterbolag Snöstranden Etapp 3.png;1
M37;CEO;Oskar Lins;Oskar;Karma Kvartersbolag AB;oskar.lins@akesundvall.se;C:\Users\niklas.sviden\OneDrive - Åke Sundvalls Byggnads AB\SPELET 2\Bilder\Skapade bilder\Dotterbolag Karma Kvartersbolag AB.png;5
M38;CFO;Per Hellquist;Per;Cardiganparken Etapp 4;per.hellquist@akesundvall.se;C:\Users\niklas.sviden\OneDrive - Åke Sundvalls Byggnads AB\SPELET 2\Bilder\Skapade bilder\Dotterbolag Cardiganparken Etapp 4.png;3
M39;COO;Petra Jöngren;Petra;Bettyparken AB;petra.jongren@akesundvall.se;C:\Users\niklas.sviden\OneDrive - Åke Sundvalls Byggnads AB\SPELET 2\Bilder\Skapade bilder\Dotterbolag Bettyparken AB.png;2
M4;COO;Ann Lindberg;Ann;Pilbäcken Kvartersbolag;ann.lindberg@akesundvall.se;C:\Users\niklas.sviden\OneDrive - Åke Sundvalls Byggnads AB\SPELET 2\Bilder\Skapade bilder\Dotterbolag Pilbäcken Kvartersbolag.png;5
M40;CFO;Richard Schedin;Richard;Lavendelängen Stadsbygg;richard.schedin@akesundvall.se;C:\Users\niklas.sviden\OneDrive - Åke Sundvalls Byggnads AB\SPELET 2\Bilder\Skapade bilder\Dotterbolag Lavendelängen Stadsbygg.png;2
M41;COO;Samuel Emampoor;Samuel;Champagneparken Utveckling;samuel.emampoor@akesundvall.se;C:\Users\niklas.sviden\OneDrive - Åke Sundvalls Byggnads AB\SPELET 2\Bilder\Skapade bilder\Dotterbolag Champagneparken Utveckling.png;4
M42;CEO;Sarah Chabraoui;Sarah;Bettyparken AB;sarah.chabraoui@akesundvall.se;C:\Users\niklas.sviden\OneDrive - Åke Sundvalls Byggnads AB\SPELET 2\Bilder\Skapade bilder\Dotterbolag Bettyparken AB.png;2
M43;CEO;Sarah Segerman;Sarah;Stilkvarteret Utveckling;sarah.segerman@akesundvall.se;C:\Users\niklas.sviden\OneDrive - Åke Sundvalls Byggnads AB\SPELET 2\Bilder\Skapade bilder\Dotterbolag Stilkvarteret Utveckling.png;4
M44;COO;Sergej Paulinich;Sergej;Mastermind Stadsbygg AB;sergej.paulinich@akesundvall.se;C:\Users\niklas.sviden\OneDrive - Åke Sundvalls Byggnads AB\SPELET 2\Bilder\Skapade bilder\Dotterbolag Mastermind Stadsbygg AB.png;1
M45;CEO;Stefan Martinsson;Stefan;Londongatan Stadsbygg;stefan.martinsson@akesundvall.se;C:\Users\niklas.sviden\OneDrive - Åke Sundvalls Byggnads AB\SPELET 2\Bilder\Skapade bilder\Dotterbolag Londongatan Stadsbygg.png;2
M46;CFO;Tara Rahimian ;Tara;Mastermind Stadsbygg AB;tara.rahimian@akesundvall.se;C:\Users\niklas.sviden\OneDrive - Åke Sundvalls Byggnads AB\SPELET 2\Bilder\Skapade bilder\Dotterbolag Mastermind Stadsbygg AB.png;1
M47;CFO;Thomas Slagbrand;Thomas;Champagneparken Utveckling;thomas.slagbrand@akesundvall.se;C:\Users\niklas.sviden\OneDrive - Åke Sundvalls Byggnads AB\SPELET 2\Bilder\Skapade bilder\Dotterbolag Champagneparken Utveckling.png;4
M48;CEO;Tim Svalling;Tim;Pilbäcken Kvartersbolag;tim.svalling@akesundvall.se;C:\Users\niklas.sviden\OneDrive - Åke Sundvalls Byggnads AB\SPELET 2\Bilder\Skapade bilder\Dotterbolag Pilbäcken Kvartersbolag.png;5
M49;CFO;Tom Edström;Tom;Bettyparken AB;tom.edstrom@akesundvall.se;C:\Users\niklas.sviden\OneDrive - Åke Sundvalls Byggnads AB\SPELET 2\Bilder\Skapade bilder\Dotterbolag Bettyparken AB.png;2
M5;CFO;Anna Jansson;Anna;Augustkvarteret AB;anna.jansson@akesundvall.se;C:\Users\niklas.sviden\OneDrive - Åke Sundvalls Byggnads AB\SPELET 2\Bilder\Skapade bilder\Dotterbolag Augustkvarteret AB.png;1
M50;CFO;Victoria Agirman Canas;Victoria;Maroon Kvartersbolag AB;victoria.agirman@akesundvall.se;C:\Users\niklas.sviden\OneDrive - Åke Sundvalls Byggnads AB\SPELET 2\Bilder\Skapade bilder\Dotterbolag Maroon Kvartersbolag AB.png;5
M51;CFO;Viktor Sundvall;Viktor;Cornelia Stadsutveckling AB;viktor.sundvall@akesundvall.se;C:\Users\niklas.sviden\OneDrive - Åke Sundvalls Byggnads AB\SPELET 2\Bilder\Skapade bilder\Dotterbolag Cornelia Stadsutveckling AB.png;2
M6;COO;Anneli Johansson ;Anneli;Cardiganparken Etapp 4;anneli.johansson@akesundvall.se;C:\Users\niklas.sviden\OneDrive - Åke Sundvalls Byggnads AB\SPELET 2\Bilder\Skapade bilder\Dotterbolag Cardiganparken Etapp 4.png;3
M7;CFO;Anton Reth;Anton;Marjorie Utveckling AB;anton.reth@akesundvall.se;C:\Users\niklas.sviden\OneDrive - Åke Sundvalls Byggnads AB\SPELET 2\Bilder\Skapade bilder\Dotterbolag Marjorie Utveckling AB.png;3
M8;CEO;Birgitta Burman;Birgitta;Lavendelängen Stadsbygg;birgitta.burman@akesundvall.se;C:\Users\niklas.sviden\OneDrive - Åke Sundvalls Byggnads AB\SPELET 2\Bilder\Skapade bilder\Dotterbolag Lavendelängen Stadsbygg.png;2
M9;COO;Björn Skytt;Björn;Lavendelängen Stadsbygg;bjorn.skytt@akesundvall.se;C:\Users\niklas.sviden\OneDrive - Åke Sundvalls Byggnads AB\SPELET 2\Bilder\Skapade bilder\Dotterbolag Lavendelängen Stadsbygg.png;2
