Plantyp;Bolag;fill_color;line_color;@bild;ordning_bild;ordning_text;skede_color;bakskede;bakgrund_color
Verksamhets;Cornelia Stadsutveckling AB;#7A2020;#7A2020;C:\Users\niklas.sviden\OneDrive - Åke Sundvalls Byggnads AB\SPELET 2\Bilder\Skapade bilder\Dotterbolag Cornelia Stadsutveckling AB.png;1;4;7A2020;#FAEBEB;#FCF6EF
Verksamhets;Cardiganparken Etapp 4;#7A2020;#7A2020;C:\Users\niklas.sviden\OneDrive - Åke Sundvalls Byggnads AB\SPELET 2\Bilder\Skapade bilder\Dotterbolag Cardiganparken Etapp 4.png;2;3;7A2020;#FAEBEB;#FCF6EF
Verksamhets;Pilbäcken Kvartersbolag;#7A2020;#7A2020;C:\Users\niklas.sviden\OneDrive - Åke Sundvalls Byggnads AB\SPELET 2\Bilder\Skapade bilder\Dotterbolag Pilbäcken Kvartersbolag.png;3;2;7A2020;#FAEBEB;#FCF6EF
Verksamhets;Augustkvarteret AB;#7A2020;#7A2020;C:\Users\niklas.sviden\OneDrive - Åke Sundvalls Byggnads AB\SPELET 2\Bilder\Skapade bilder\Dotterbolag Augustkvarteret AB.png;4;1;7A2020;#FAEBEB;#FCF6EF
Verksamhets;Lavendelängen Stadsbygg;#7A2020;#7A2020;C:\Users\niklas.sviden\OneDrive - Åke Sundvalls Byggnads AB\SPELET 2\Bilder\Skapade bilder\Dotterbolag Lavendelängen Stadsbygg.png;5;8;7A2020;#FAEBEB;#FCF6EF
Verksamhets;Marjorie Utveckling AB;#7A2020;#7A2020;C:\Users\niklas.sviden\OneDrive - Åke Sundvalls Byggnads AB\SPELET 2\Bilder\Skapade bilder\Dotterbolag Marjorie Utveckling AB.png;6;7;7A2020;#FAEBEB;#FCF6EF
Verksamhets;Maroon Kvartersbolag AB;#7A2020;#7A2020;C:\Users\niklas.sviden\OneDrive - Åke Sundvalls Byggnads AB\SPELET 2\Bilder\Skapade bilder\Dotterbolag Maroon Kvartersbolag AB.png;7;6;7A2020;#FAEBEB;#FCF6EF
Verksamhets;Helig Mark Stadsdel AB;#7A2020;#7A2020;C:\Users\niklas.sviden\OneDrive - Åke Sundvalls Byggnads AB\SPELET 2\Bilder\Skapade bilder\Dotterbolag Helig Mark Stadsdel AB.png;8;5;7A2020;#FAEBEB;#FCF6EF
Verksamhets;Drömkvarteret Etapp 2;#7A2020;#7A2020;C:\Users\niklas.sviden\OneDrive - Åke Sundvalls Byggnads AB\SPELET 2\Bilder\Skapade bilder\Dotterbolag Drömkvarteret Etapp 2.png;9;12;7A2020;#FAEBEB;#FCF6EF
Verksamhets;Bettyparken AB;#7A2020;#7A2020;C:\Users\niklas.sviden\OneDrive - Åke Sundvalls Byggnads AB\SPELET 2\Bilder\Skapade bilder\Dotterbolag Bettyparken AB.png;10;11;7A2020;#FAEBEB;#FCF6EF
Verksamhets;Dagsljus Stadsutveckling AB;#7A2020;#7A2020;C:\Users\niklas.sviden\OneDrive - Åke Sundvalls Byggnads AB\SPELET 2\Bilder\Skapade bilder\Dotterbolag Dagsljus Stadsutveckling AB.png;11;10;7A2020;#FAEBEB;#FCF6EF
Verksamhets;Mastermind Stadsbygg AB;#7A2020;#7A2020;C:\Users\niklas.sviden\OneDrive - Åke Sundvalls Byggnads AB\SPELET 2\Bilder\Skapade bilder\Dotterbolag Mastermind Stadsbygg AB.png;12;9;7A2020;#FAEBEB;#FCF6EF
Verksamhets;Snöstranden Etapp 3;#7A2020;#7A2020;C:\Users\niklas.sviden\OneDrive - Åke Sundvalls Byggnads AB\SPELET 2\Bilder\Skapade bilder\Dotterbolag Snöstranden Etapp 3.png;13;16;7A2020;#FAEBEB;#FCF6EF
Verksamhets;Champagneparken Utveckling;#7A2020;#7A2020;C:\Users\niklas.sviden\OneDrive - Åke Sundvalls Byggnads AB\SPELET 2\Bilder\Skapade bilder\Dotterbolag Champagneparken Utveckling.png;14;15;7A2020;#FAEBEB;#FCF6EF
Verksamhets;Karma Kvartersbolag AB;#7A2020;#7A2020;C:\Users\niklas.sviden\OneDrive - Åke Sundvalls Byggnads AB\SPELET 2\Bilder\Skapade bilder\Dotterbolag Karma Kvartersbolag AB.png;15;14;7A2020;#FAEBEB;#FCF6EF
Verksamhets;Londongatan Stadsbygg;#7A2020;#7A2020;C:\Users\niklas.sviden\OneDrive - Åke Sundvalls Byggnads AB\SPELET 2\Bilder\Skapade bilder\Dotterbolag Londongatan Stadsbygg.png;16;13;7A2020;#FAEBEB;#FCF6EF
Verksamhets;Floridagatan Etapp 2;#7A2020;#7A2020;C:\Users\niklas.sviden\OneDrive - Åke Sundvalls Byggnads AB\SPELET 2\Bilder\Skapade bilder\Dotterbolag Floridagatan Etapp 2.png;17;20;7A2020;#FAEBEB;#FCF6EF
Verksamhets;Skogskanten Stadsdel AB;#7A2020;#7A2020;C:\Users\niklas.sviden\OneDrive - Åke Sundvalls Byggnads AB\SPELET 2\Bilder\Skapade bilder\Dotterbolag Skogskanten Stadsdel AB.png;18;19;7A2020;#FAEBEB;#FCF6EF
Verksamhets;Stilkvarteret Utveckling;#7A2020;#7A2020;C:\Users\niklas.sviden\OneDrive - Åke Sundvalls Byggnads AB\SPELET 2\Bilder\Skapade bilder\Dotterbolag Stilkvarteret Utveckling.png;19;18;7A2020;#FAEBEB;#FCF6EF
Verksamhets;Etapp 22 Stadsbygg AB;#7A2020;#7A2020;C:\Users\niklas.sviden\OneDrive - Åke Sundvalls Byggnads AB\SPELET 2\Bilder\Skapade bilder\Dotterbolag Etapp 22 Stadsbygg AB.png;20;17;7A2020;#FAEBEB;#FCF6EF
Projektlednings;Cornelia Stadsutveckling AB;#0F3D5C;#0F3D5C;C:\Users\niklas.sviden\OneDrive - Åke Sundvalls Byggnads AB\SPELET 2\Bilder\Skapade bilder\Dotterbolag Cornelia Stadsutveckling AB.png;1;4;7A2020;#FAEBEB;#FCF6EF
Projektlednings;Cardiganparken Etapp 4;#0F3D5C;#0F3D5C;C:\Users\niklas.sviden\OneDrive - Åke Sundvalls Byggnads AB\SPELET 2\Bilder\Skapade bilder\Dotterbolag Cardiganparken Etapp 4.png;2;3;7A2020;#FAEBEB;#FCF6EF
Projektlednings;Pilbäcken Kvartersbolag;#0F3D5C;#0F3D5C;C:\Users\niklas.sviden\OneDrive - Åke Sundvalls Byggnads AB\SPELET 2\Bilder\Skapade bilder\Dotterbolag Pilbäcken Kvartersbolag.png;3;2;7A2020;#FAEBEB;#FCF6EF
Projektlednings;Augustkvarteret AB;#0F3D5C;#0F3D5C;C:\Users\niklas.sviden\OneDrive - Åke Sundvalls Byggnads AB\SPELET 2\Bilder\Skapade bilder\Dotterbolag Augustkvarteret AB.png;4;1;7A2020;#FAEBEB;#FCF6EF
Projektlednings;Lavendelängen Stadsbygg;#0F3D5C;#0F3D5C;C:\Users\niklas.sviden\OneDrive - Åke Sundvalls Byggnads AB\SPELET 2\Bilder\Skapade bilder\Dotterbolag Lavendelängen Stadsbygg.png;5;8;7A2020;#FAEBEB;#FCF6EF
Projektlednings;Marjorie Utveckling AB;#0F3D5C;#0F3D5C;C:\Users\niklas.sviden\OneDrive - Åke Sundvalls Byggnads AB\SPELET 2\Bilder\Skapade bilder\Dotterbolag Marjorie Utveckling AB.png;6;7;7A2020;#FAEBEB;#FCF6EF
Projektlednings;Maroon Kvartersbolag AB;#0F3D5C;#0F3D5C;C:\Users\niklas.sviden\OneDrive - Åke Sundvalls Byggnads AB\SPELET 2\Bilder\Skapade bilder\Dotterbolag Maroon Kvartersbolag AB.png;7;6;7A2020;#FAEBEB;#FCF6EF
Projektlednings;Helig Mark Stadsdel AB;#0F3D5C;#0F3D5C;C:\Users\niklas.sviden\OneDrive - Åke Sundvalls Byggnads AB\SPELET 2\Bilder\Skapade bilder\Dotterbolag Helig Mark Stadsdel AB.png;8;5;7A2020;#FAEBEB;#FCF6EF
Projektlednings;Drömkvarteret Etapp 2;#0F3D5C;#0F3D5C;C:\Users\niklas.sviden\OneDrive - Åke Sundvalls Byggnads AB\SPELET 2\Bilder\Skapade bilder\Dotterbolag Drömkvarteret Etapp 2.png;9;12;7A2020;#FAEBEB;#FCF6EF
Projektlednings;Bettyparken AB;#0F3D5C;#0F3D5C;C:\Users\niklas.sviden\OneDrive - Åke Sundvalls Byggnads AB\SPELET 2\Bilder\Skapade bilder\Dotterbolag Bettyparken AB.png;10;11;7A2020;#FAEBEB;#FCF6EF
Projektlednings;Dagsljus Stadsutveckling AB;#0F3D5C;#0F3D5C;C:\Users\niklas.sviden\OneDrive - Åke Sundvalls Byggnads AB\SPELET 2\Bilder\Skapade bilder\Dotterbolag Dagsljus Stadsutveckling AB.png;11;10;7A2020;#FAEBEB;#FCF6EF
Projektlednings;Mastermind Stadsbygg AB;#0F3D5C;#0F3D5C;C:\Users\niklas.sviden\OneDrive - Åke Sundvalls Byggnads AB\SPELET 2\Bilder\Skapade bilder\Dotterbolag Mastermind Stadsbygg AB.png;12;9;7A2020;#FAEBEB;#FCF6EF
Projektlednings;Snöstranden Etapp 3;#0F3D5C;#0F3D5C;C:\Users\niklas.sviden\OneDrive - Åke Sundvalls Byggnads AB\SPELET 2\Bilder\Skapade bilder\Dotterbolag Snöstranden Etapp 3.png;13;16;7A2020;#FAEBEB;#FCF6EF
Projektlednings;Champagneparken Utveckling;#0F3D5C;#0F3D5C;C:\Users\niklas.sviden\OneDrive - Åke Sundvalls Byggnads AB\SPELET 2\Bilder\Skapade bilder\Dotterbolag Champagneparken Utveckling.png;14;15;7A2020;#FAEBEB;#FCF6EF
Projektlednings;Karma Kvartersbolag AB;#0F3D5C;#0F3D5C;C:\Users\niklas.sviden\OneDrive - Åke Sundvalls Byggnads AB\SPELET 2\Bilder\Skapade bilder\Dotterbolag Karma Kvartersbolag AB.png;15;14;7A2020;#FAEBEB;#FCF6EF
Projektlednings;Londongatan Stadsbygg;#0F3D5C;#0F3D5C;C:\Users\niklas.sviden\OneDrive - Åke Sundvalls Byggnads AB\SPELET 2\Bilder\Skapade bilder\Dotterbolag Londongatan Stadsbygg.png;16;13;7A2020;#FAEBEB;#FCF6EF
Projektlednings;Floridagatan Etapp 2;#0F3D5C;#0F3D5C;C:\Users\niklas.sviden\OneDrive - Åke Sundvalls Byggnads AB\SPELET 2\Bilder\Skapade bilder\Dotterbolag Floridagatan Etapp 2.png;17;20;7A2020;#FAEBEB;#FCF6EF
Projektlednings;Skogskanten Stadsdel AB;#0F3D5C;#0F3D5C;C:\Users\niklas.sviden\OneDrive - Åke Sundvalls Byggnads AB\SPELET 2\Bilder\Skapade bilder\Dotterbolag Skogskanten Stadsdel AB.png;18;19;7A2020;#FAEBEB;#FCF6EF
Projektlednings;Stilkvarteret Utveckling;#0F3D5C;#0F3D5C;C:\Users\niklas.sviden\OneDrive - Åke Sundvalls Byggnads AB\SPELET 2\Bilder\Skapade bilder\Dotterbolag Stilkvarteret Utveckling.png;19;18;7A2020;#FAEBEB;#FCF6EF
Projektlednings;Etapp 22 Stadsbygg AB;#0F3D5C;#0F3D5C;C:\Users\niklas.sviden\OneDrive - Åke Sundvalls Byggnads AB\SPELET 2\Bilder\Skapade bilder\Dotterbolag Etapp 22 Stadsbygg AB.png;20;17;7A2020;#FAEBEB;#FCF6EF
Projekt;Cornelia Stadsutveckling AB;#4D5E22;#4D5E22;C:\Users\niklas.sviden\OneDrive - Åke Sundvalls Byggnads AB\SPELET 2\Bilder\Skapade bilder\Dotterbolag Cornelia Stadsutveckling AB.png;1;4;7A2020;#FAEBEB;#FCF6EF
Projekt;Cardiganparken Etapp 4;#4D5E22;#4D5E22;C:\Users\niklas.sviden\OneDrive - Åke Sundvalls Byggnads AB\SPELET 2\Bilder\Skapade bilder\Dotterbolag Cardiganparken Etapp 4.png;2;3;7A2020;#FAEBEB;#FCF6EF
Projekt;Pilbäcken Kvartersbolag;#4D5E22;#4D5E22;C:\Users\niklas.sviden\OneDrive - Åke Sundvalls Byggnads AB\SPELET 2\Bilder\Skapade bilder\Dotterbolag Pilbäcken Kvartersbolag.png;3;2;7A2020;#FAEBEB;#FCF6EF
Projekt;Augustkvarteret AB;#4D5E22;#4D5E22;C:\Users\niklas.sviden\OneDrive - Åke Sundvalls Byggnads AB\SPELET 2\Bilder\Skapade bilder\Dotterbolag Augustkvarteret AB.png;4;1;7A2020;#FAEBEB;#FCF6EF
Projekt;Lavendelängen Stadsbygg;#4D5E22;#4D5E22;C:\Users\niklas.sviden\OneDrive - Åke Sundvalls Byggnads AB\SPELET 2\Bilder\Skapade bilder\Dotterbolag Lavendelängen Stadsbygg.png;5;8;7A2020;#FAEBEB;#FCF6EF
Projekt;Marjorie Utveckling AB;#4D5E22;#4D5E22;C:\Users\niklas.sviden\OneDrive - Åke Sundvalls Byggnads AB\SPELET 2\Bilder\Skapade bilder\Dotterbolag Marjorie Utveckling AB.png;6;7;7A2020;#FAEBEB;#FCF6EF
Projekt;Maroon Kvartersbolag AB;#4D5E22;#4D5E22;C:\Users\niklas.sviden\OneDrive - Åke Sundvalls Byggnads AB\SPELET 2\Bilder\Skapade bilder\Dotterbolag Maroon Kvartersbolag AB.png;7;6;7A2020;#FAEBEB;#FCF6EF
Projekt;Helig Mark Stadsdel AB;#4D5E22;#4D5E22;C:\Users\niklas.sviden\OneDrive - Åke Sundvalls Byggnads AB\SPELET 2\Bilder\Skapade bilder\Dotterbolag Helig Mark Stadsdel AB.png;8;5;7A2020;#FAEBEB;#FCF6EF
Projekt;Drömkvarteret Etapp 2;#4D5E22;#4D5E22;C:\Users\niklas.sviden\OneDrive - Åke Sundvalls Byggnads AB\SPELET 2\Bilder\Skapade bilder\Dotterbolag Drömkvarteret Etapp 2.png;9;12;7A2020;#FAEBEB;#FCF6EF
Projekt;Bettyparken AB;#4D5E22;#4D5E22;C:\Users\niklas.sviden\OneDrive - Åke Sundvalls Byggnads AB\SPELET 2\Bilder\Skapade bilder\Dotterbolag Bettyparken AB.png;10;11;7A2020;#FAEBEB;#FCF6EF
Projekt;Dagsljus Stadsutveckling AB;#4D5E22;#4D5E22;C:\Users\niklas.sviden\OneDrive - Åke Sundvalls Byggnads AB\SPELET 2\Bilder\Skapade bilder\Dotterbolag Dagsljus Stadsutveckling AB.png;11;10;7A2020;#FAEBEB;#FCF6EF
Projekt;Mastermind Stadsbygg AB;#4D5E22;#4D5E22;C:\Users\niklas.sviden\OneDrive - Åke Sundvalls Byggnads AB\SPELET 2\Bilder\Skapade bilder\Dotterbolag Mastermind Stadsbygg AB.png;12;9;7A2020;#FAEBEB;#FCF6EF
Projekt;Snöstranden Etapp 3;#4D5E22;#4D5E22;C:\Users\niklas.sviden\OneDrive - Åke Sundvalls Byggnads AB\SPELET 2\Bilder\Skapade bilder\Dotterbolag Snöstranden Etapp 3.png;13;16;7A2020;#FAEBEB;#FCF6EF
Projekt;Champagneparken Utveckling;#4D5E22;#4D5E22;C:\Users\niklas.sviden\OneDrive - Åke Sundvalls Byggnads AB\SPELET 2\Bilder\Skapade bilder\Dotterbolag Champagneparken Utveckling.png;14;15;7A2020;#FAEBEB;#FCF6EF
Projekt;Karma Kvartersbolag AB;#4D5E22;#4D5E22;C:\Users\niklas.sviden\OneDrive - Åke Sundvalls Byggnads AB\SPELET 2\Bilder\Skapade bilder\Dotterbolag Karma Kvartersbolag AB.png;15;14;7A2020;#FAEBEB;#FCF6EF
Projekt;Londongatan Stadsbygg;#4D5E22;#4D5E22;C:\Users\niklas.sviden\OneDrive - Åke Sundvalls Byggnads AB\SPELET 2\Bilder\Skapade bilder\Dotterbolag Londongatan Stadsbygg.png;16;13;7A2020;#FAEBEB;#FCF6EF
Projekt;Floridagatan Etapp 2;#4D5E22;#4D5E22;C:\Users\niklas.sviden\OneDrive - Åke Sundvalls Byggnads AB\SPELET 2\Bilder\Skapade bilder\Dotterbolag Floridagatan Etapp 2.png;17;20;7A2020;#FAEBEB;#FCF6EF
Projekt;Skogskanten Stadsdel AB;#4D5E22;#4D5E22;C:\Users\niklas.sviden\OneDrive - Åke Sundvalls Byggnads AB\SPELET 2\Bilder\Skapade bilder\Dotterbolag Skogskanten Stadsdel AB.png;18;19;7A2020;#FAEBEB;#FCF6EF
Projekt;Stilkvarteret Utveckling;#4D5E22;#4D5E22;C:\Users\niklas.sviden\OneDrive - Åke Sundvalls Byggnads AB\SPELET 2\Bilder\Skapade bilder\Dotterbolag Stilkvarteret Utveckling.png;19;18;7A2020;#FAEBEB;#FCF6EF
Projekt;Etapp 22 Stadsbygg AB;#4D5E22;#4D5E22;C:\Users\niklas.sviden\OneDrive - Åke Sundvalls Byggnads AB\SPELET 2\Bilder\Skapade bilder\Dotterbolag Etapp 22 Stadsbygg AB.png;20;17;7A2020;#FAEBEB;#FCF6EF
Förvaltnings;Cornelia Stadsutveckling AB;#EF5656;#EF5656;C:\Users\niklas.sviden\OneDrive - Åke Sundvalls Byggnads AB\SPELET 2\Bilder\Skapade bilder\Dotterbolag Cornelia Stadsutveckling AB.png;1;4;7A2020;#FAEBEB;#FCF6EF
Förvaltnings;Cardiganparken Etapp 4;#EF5656;#EF5656;C:\Users\niklas.sviden\OneDrive - Åke Sundvalls Byggnads AB\SPELET 2\Bilder\Skapade bilder\Dotterbolag Cardiganparken Etapp 4.png;2;3;7A2020;#FAEBEB;#FCF6EF
Förvaltnings;Pilbäcken Kvartersbolag;#EF5656;#EF5656;C:\Users\niklas.sviden\OneDrive - Åke Sundvalls Byggnads AB\SPELET 2\Bilder\Skapade bilder\Dotterbolag Pilbäcken Kvartersbolag.png;3;2;7A2020;#FAEBEB;#FCF6EF
Förvaltnings;Augustkvarteret AB;#EF5656;#EF5656;C:\Users\niklas.sviden\OneDrive - Åke Sundvalls Byggnads AB\SPELET 2\Bilder\Skapade bilder\Dotterbolag Augustkvarteret AB.png;4;1;7A2020;#FAEBEB;#FCF6EF
Förvaltnings;Lavendelängen Stadsbygg;#EF5656;#EF5656;C:\Users\niklas.sviden\OneDrive - Åke Sundvalls Byggnads AB\SPELET 2\Bilder\Skapade bilder\Dotterbolag Lavendelängen Stadsbygg.png;5;8;7A2020;#FAEBEB;#FCF6EF
Förvaltnings;Marjorie Utveckling AB;#EF5656;#EF5656;C:\Users\niklas.sviden\OneDrive - Åke Sundvalls Byggnads AB\SPELET 2\Bilder\Skapade bilder\Dotterbolag Marjorie Utveckling AB.png;6;7;7A2020;#FAEBEB;#FCF6EF
Förvaltnings;Maroon Kvartersbolag AB;#EF5656;#EF5656;C:\Users\niklas.sviden\OneDrive - Åke Sundvalls Byggnads AB\SPELET 2\Bilder\Skapade bilder\Dotterbolag Maroon Kvartersbolag AB.png;7;6;7A2020;#FAEBEB;#FCF6EF
Förvaltnings;Helig Mark Stadsdel AB;#EF5656;#EF5656;C:\Users\niklas.sviden\OneDrive - Åke Sundvalls Byggnads AB\SPELET 2\Bilder\Skapade bilder\Dotterbolag Helig Mark Stadsdel AB.png;8;5;7A2020;#FAEBEB;#FCF6EF
Förvaltnings;Drömkvarteret Etapp 2;#EF5656;#EF5656;C:\Users\niklas.sviden\OneDrive - Åke Sundvalls Byggnads AB\SPELET 2\Bilder\Skapade bilder\Dotterbolag Drömkvarteret Etapp 2.png;9;12;7A2020;#FAEBEB;#FCF6EF
Förvaltnings;Bettyparken AB;#EF5656;#EF5656;C:\Users\niklas.sviden\OneDrive - Åke Sundvalls Byggnads AB\SPELET 2\Bilder\Skapade bilder\Dotterbolag Bettyparken AB.png;10;11;7A2020;#FAEBEB;#FCF6EF
Förvaltnings;Dagsljus Stadsutveckling AB;#EF5656;#EF5656;C:\Users\niklas.sviden\OneDrive - Åke Sundvalls Byggnads AB\SPELET 2\Bilder\Skapade bilder\Dotterbolag Dagsljus Stadsutveckling AB.png;11;10;7A2020;#FAEBEB;#FCF6EF
Förvaltnings;Mastermind Stadsbygg AB;#EF5656;#EF5656;C:\Users\niklas.sviden\OneDrive - Åke Sundvalls Byggnads AB\SPELET 2\Bilder\Skapade bilder\Dotterbolag Mastermind Stadsbygg AB.png;12;9;7A2020;#FAEBEB;#FCF6EF
Förvaltnings;Snöstranden Etapp 3;#EF5656;#EF5656;C:\Users\niklas.sviden\OneDrive - Åke Sundvalls Byggnads AB\SPELET 2\Bilder\Skapade bilder\Dotterbolag Snöstranden Etapp 3.png;13;16;7A2020;#FAEBEB;#FCF6EF
Förvaltnings;Champagneparken Utveckling;#EF5656;#EF5656;C:\Users\niklas.sviden\OneDrive - Åke Sundvalls Byggnads AB\SPELET 2\Bilder\Skapade bilder\Dotterbolag Champagneparken Utveckling.png;14;15;7A2020;#FAEBEB;#FCF6EF
Förvaltnings;Karma Kvartersbolag AB;#EF5656;#EF5656;C:\Users\niklas.sviden\OneDrive - Åke Sundvalls Byggnads AB\SPELET 2\Bilder\Skapade bilder\Dotterbolag Karma Kvartersbolag AB.png;15;14;7A2020;#FAEBEB;#FCF6EF
Förvaltnings;Londongatan Stadsbygg;#EF5656;#EF5656;C:\Users\niklas.sviden\OneDrive - Åke Sundvalls Byggnads AB\SPELET 2\Bilder\Skapade bilder\Dotterbolag Londongatan Stadsbygg.png;16;13;7A2020;#FAEBEB;#FCF6EF
Förvaltnings;Floridagatan Etapp 2;#EF5656;#EF5656;C:\Users\niklas.sviden\OneDrive - Åke Sundvalls Byggnads AB\SPELET 2\Bilder\Skapade bilder\Dotterbolag Floridagatan Etapp 2.png;17;20;7A2020;#FAEBEB;#FCF6EF
Förvaltnings;Skogskanten Stadsdel AB;#EF5656;#EF5656;C:\Users\niklas.sviden\OneDrive - Åke Sundvalls Byggnads AB\SPELET 2\Bilder\Skapade bilder\Dotterbolag Skogskanten Stadsdel AB.png;18;19;7A2020;#FAEBEB;#FCF6EF
Förvaltnings;Stilkvarteret Utveckling;#EF5656;#EF5656;C:\Users\niklas.sviden\OneDrive - Åke Sundvalls Byggnads AB\SPELET 2\Bilder\Skapade bilder\Dotterbolag Stilkvarteret Utveckling.png;19;18;7A2020;#FAEBEB;#FCF6EF
Förvaltnings;Etapp 22 Stadsbygg AB;#EF5656;#EF5656;C:\Users\niklas.sviden\OneDrive - Åke Sundvalls Byggnads AB\SPELET 2\Bilder\Skapade bilder\Dotterbolag Etapp 22 Stadsbygg AB.png;20;17;7A2020;#FAEBEB;#FCF6EF
