Namn;Namn2;namn_en;Typ;Förekomst;Kostnad;Formfaktor;linjetyp;BTA;Anskaffning;Marknadsvärde;Bas_DN;Lanebelopp;Rantekostnad_kvartal;Rörligt marknadsvärde;Kvalitet;Hållbarhet;Tid;Riskbuffert;Antal krav;Nämndbeslut;STA;KOM;SAM;NOG;INN;ABM;MARK;HUSUNDERBYGGNAD;STOMME;YTTERTAK;FASADER;STOMKOMPLETTERING;INV YTSKIKT;INSTALLATIONER;GEMENSAMMA ARBETEN;Energiklass;Skalfaktor;Driftnetto;intäkt/kvm nu;förslag intäkt;temp;temp2;@formbild;@titelbild;status fb;fill_color;line_color;ordning_bild;ordning_text;Beskrivning;skede_color;bakskede;bakgrund_color
BRF Eldningen;Eldningen;fire, burning flames, ember glow;BRF;3;2;2;prickad;1000;33;40;;;;Vid försäljning ökar intäkten med D12 Mkr;1;1;-;-;;1;-;2;-;1;-;1;-;-;-;-;-;-;-;-;-;C;;;43;44;36;36;C:\Users\niklas.sviden\OneDrive - Åke Sundvalls Byggnads AB\SPELET 2\Bilder\Former\BRF Eldningen.png;C:\Users\niklas.sviden\OneDrive - Åke Sundvalls Byggnads AB\SPELET 2\Bilder\Skapade bilder\BRF Eldningen.png;temp;#7a3835;#f6e2dd;1;3;Ett kompakt boende med glöd i! Perfekt för den som vill tända sin bostadskarriär utan att bränna plånboken.;#DDA063;#f6e2dd;#f6e2dd
BRF Gläntan;Gläntan;forest glade, clearing, sunlight through trees;BRF;3;4;2;prickad;1500;50;58;;;;Vid försäljning ökar intäkten med D10 Mkr;1;1;-;-;;1;-;2;1;-;-;1;-;-;-;-;-;-;-;-;-;C;;;40,66666667;44;36;54;C:\Users\niklas.sviden\OneDrive - Åke Sundvalls Byggnads AB\SPELET 2\Bilder\Former\BRF Gläntan.png;C:\Users\niklas.sviden\OneDrive - Åke Sundvalls Byggnads AB\SPELET 2\Bilder\Skapade bilder\BRF Gläntan.png;temp;#7a3835;#f6e2dd;2;2;"En ljus tillvaro i lagom format; här bor man bekvämt utan att krångla till det. Naturnära känsla till ett vänligt pris.";#DDA063;#f6e2dd;#f6e2dd
BRF Horisonten;Horisonten;wide horizon, distant skyline, open sky;BRF;3;5;2;prickad;2000;66;75;;;;Vid försäljning ökar intäkten med D6 Mkr;1;1;-;-;;1;-;2;-;1;-;1;-;-;-;-;-;-;-;-;-;C;;;39,5;44;36;72;C:\Users\niklas.sviden\OneDrive - Åke Sundvalls Byggnads AB\SPELET 2\Bilder\Former\BRF Horisonten.png;C:\Users\niklas.sviden\OneDrive - Åke Sundvalls Byggnads AB\SPELET 2\Bilder\Skapade bilder\BRF Horisonten.png;temp;#7a3835;#f6e2dd;3;1;"Generösa ytor med vid utsikt mot framtiden; här får du mycket kvadrat för pengarna. Ett projekt med breda vyer!";#DDA063;#f6e2dd;#f6e2dd
BRF Klinten;Klinten;rocky cliff, stone crag, rugged outcrop;BRF;2;5;4;prickad;1500;62;70;;;;Vid försäljning ökar intäkten med D10 Mkr;2;1;-;-;3;1;-;1;1;1;-;1;-;-;nivå 2;-;-;nivå 2;-;-;-;C;;;50;53;45;68;C:\Users\niklas.sviden\OneDrive - Åke Sundvalls Byggnads AB\SPELET 2\Bilder\Former\BRF Klinten.png;C:\Users\niklas.sviden\OneDrive - Åke Sundvalls Byggnads AB\SPELET 2\Bilder\Skapade bilder\BRF Klinten.png;temp;#7a3835;#f6e2dd;4;6;"Stadigt och välbyggt som klippan själv; här ställs det lite högre krav på kvaliteten. Mellanklassens finaste val.";#DDA063;#f6e2dd;#f6e2dd
BRF Kornet;Kornet;golden grain, wheat sheaf, harvest field;BRF;2;6;5;prickad;1750;79;90;;;;Vid försäljning ökar intäkten med D8 Mkr;2;1;1;-;4;1;-;2;1;1;-;-;-;nivå 2;-;nivå 2;-;-;nivå 2;-;nivå 2;C;;;53,14285714;57;49;86;C:\Users\niklas.sviden\OneDrive - Åke Sundvalls Byggnads AB\SPELET 2\Bilder\Former\BRF Kornet.png;C:\Users\niklas.sviden\OneDrive - Åke Sundvalls Byggnads AB\SPELET 2\Bilder\Skapade bilder\BRF Kornet.png;temp;#7a3835;#f6e2dd;5;5;Ett rejält projekt som kräver både tålamod och kvalitetsmedvetenhet, men skörden blir riklig. Värt väntan!;#DDA063;#f6e2dd;#f6e2dd
BRF Solrosen;Solrosen;sunflower, golden petals, summer bloom;BRF;2;4;3;prickad;1250;54;65;;;;Vid försäljning ökar intäkten med D10 Mkr;3;1;-;-;4;1;1;2;-;-;-;1;-;-;nivå 2;-;nivå 3;-;-;nivå 2;-;C;;;52,8;55;47;59;C:\Users\niklas.sviden\OneDrive - Åke Sundvalls Byggnads AB\SPELET 2\Bilder\Former\BRF Solrosen.png;C:\Users\niklas.sviden\OneDrive - Åke Sundvalls Byggnads AB\SPELET 2\Bilder\Skapade bilder\BRF Solrosen.png;temp;#7a3835;#f6e2dd;6;4;"Liten men lyxig; här ska varje kvadratmeter stråla av toppkvalitet. Kräver finessen hos en mästare.";#DDA063;#f6e2dd;#f6e2dd
BRF Speglingen;Speglingen;reflection, mirror lake, still water;BRF;1;3;4;prickad;1000;39;45;;;;Vid försäljning ökar intäkten med D12 Mkr;2;1;-;-;2;1;-;1;-;2;-;1;-;-;-;nivå 3;-;-;-;nivå 3;-;C;;;50;51;43;43;C:\Users\niklas.sviden\OneDrive - Åke Sundvalls Byggnads AB\SPELET 2\Bilder\Former\BRF Speglingen.png;C:\Users\niklas.sviden\OneDrive - Åke Sundvalls Byggnads AB\SPELET 2\Bilder\Skapade bilder\BRF Speglingen.png;temp;#7a3835;#f6e2dd;7;9;"Kompakt och omsorgsfullt; en liten reflektion av det fina livet. Kvalitetskrav i fickvänligt format.";#DDA063;#f6e2dd;#f6e2dd
BRF Stigen;Stigen;forest path, winding trail, woodland walk;BRF;1;2;2;prickad;750;30;35;;;;Vid försäljning ökar intäkten med D12 Mkr;2;1;-;-;3;1;-;1;1;-;-;2;-;-;-;-;nivå 3;-;-;-;nivå 3;C;;;52;51;43;32;C:\Users\niklas.sviden\OneDrive - Åke Sundvalls Byggnads AB\SPELET 2\Bilder\Former\BRF Stigen.png;C:\Users\niklas.sviden\OneDrive - Åke Sundvalls Byggnads AB\SPELET 2\Bilder\Skapade bilder\BRF Stigen.png;temp;#7a3835;#f6e2dd;8;8;"Charmigt litet instegsprojekt för den modige; börja din resa här! Minst men inte sämst.";#DDA063;#f6e2dd;#f6e2dd
BRF Valvet;Valvet;stone vault, arched ceiling, ancient architecture;BRF;1;7;8;prickad;2000;103;120;;;;Vid försäljning ökar intäkten med D6 Mkr;3;1;2;-;5;4;1;2;-;1;-;1;-;-;nivå 3;-;-;nivå 3;-;nivå 3;-;C;;;59,5;64;56;112;C:\Users\niklas.sviden\OneDrive - Åke Sundvalls Byggnads AB\SPELET 2\Bilder\Former\BRF Valvet.png;C:\Users\niklas.sviden\OneDrive - Åke Sundvalls Byggnads AB\SPELET 2\Bilder\Skapade bilder\BRF Valvet.png;temp;#7a3835;#f6e2dd;9;7;"Magnifikt prestigeprojekt för den tålmodige kännaren; toppkvalitet i varje detalj. Priset? Lika imponerande som resultatet.";#DDA063;#f6e2dd;#f6e2dd
Förskolan Draklyan;Draklyan;dragon lair, cave, mythical den;FÖRSKOLA;3;3;2;prickad;1000;45;72;4;50;0;;1;1;-;-;;1;1;1;-;-;-;2;-;-;-;-;-;-;-;-;-;C;1;1;44;44;39;39;C:\Users\niklas.sviden\OneDrive - Åke Sundvalls Byggnads AB\SPELET 2\Bilder\Former\Förskolor Draklyan.png;C:\Users\niklas.sviden\OneDrive - Åke Sundvalls Byggnads AB\SPELET 2\Bilder\Skapade bilder\FÖRSKOLOR Draklyan.png;temp;#3f4a1f;#e9ebd5;10;12;En mysig liten lya där små drakar kan växa och fräsa, enkel men effektiv. Eld i ugnen och hyra i kassan!;#DDA063;#e9ebd5;#e9ebd5
Förskolan Kullerbyttan;Kullerbyttan;somersault, tumble, playful roll;FÖRSKOLA;3;4;2;prickad;1500;67;101;5;70;1;;1;1;-;-;;1;1;1;-;-;-;2;-;-;-;-;-;-;-;-;-;D;0,95;1,5;42;44;39;58;C:\Users\niklas.sviden\OneDrive - Åke Sundvalls Byggnads AB\SPELET 2\Bilder\Former\Förskolor Kullerbyttan.png;C:\Users\niklas.sviden\OneDrive - Åke Sundvalls Byggnads AB\SPELET 2\Bilder\Skapade bilder\FÖRSKOLOR Kullerbyttan.png;temp;#3f4a1f;#e9ebd5;11;11;"Mellanstor förskola där barnen kan tumla runt; energiklassen har dock lite att önska. Här finns potential att rulla uppåt!";#DDA063;#e9ebd5;#e9ebd5
Förskolan Nyckelpigan;Nyckelpigan;ladybug, spotted beetle, garden friend;FÖRSKOLA;3;2;2;prickad;750;31;50;3;40;0;;1;1;-;-;;1;-;1;-;1;-;2;-;-;-;-;-;-;-;-;-;D;0,9;0,5;45,33333333;44;36;27;C:\Users\niklas.sviden\OneDrive - Åke Sundvalls Byggnads AB\SPELET 2\Bilder\Former\Förskolor Nyckelpigan.png;C:\Users\niklas.sviden\OneDrive - Åke Sundvalls Byggnads AB\SPELET 2\Bilder\Skapade bilder\FÖRSKOLOR Nyckelpigan.png;temp;#3f4a1f;#e9ebd5;12;10;Pytteliten prick på kartan med energiklass D, men varje liten nyckelpiga har sitt värde. Modest hyra för modest yta.;#DDA063;#e9ebd5;#e9ebd5
Förskolan Regnbågen;Regnbågen;rainbow, colorful arc, after rain;FÖRSKOLA;2;7;6;prickad;2000;125;179;9;130;1;;1;2;1;1;5;3;1;1;1;-;-;2;-;nivå 2;-;nivå 2;-;nivå 2;-;nivå 2;nivå 2;C;1;2,5;57,5;61;54;109;C:\Users\niklas.sviden\OneDrive - Åke Sundvalls Byggnads AB\SPELET 2\Bilder\Former\Förskolor Regnbågen.png;C:\Users\niklas.sviden\OneDrive - Åke Sundvalls Byggnads AB\SPELET 2\Bilder\Skapade bilder\FÖRSKOLOR Regnbågen.png;temp;#3f4a1f;#e9ebd5;13;15;"Stor och hållbar som en regnbåge efter stormen; kräver tid men belönar med hela färgpaletten. Grön profil med gyllene driftnetto!";#DDA063;#e9ebd5;#e9ebd5
Förskolan Skattkistan;Skattkistan;treasure chest, golden chest, pirate loot;FÖRSKOLA;2;4;3;prickad;1250;64;92;5;60;1;;1;2;-;1;3;1;1;1;-;1;-;1;-;-;-;-;nivå 3;-;nivå 2;-;-;C;1;1;50,4;53;45;56;C:\Users\niklas.sviden\OneDrive - Åke Sundvalls Byggnads AB\SPELET 2\Bilder\Former\Förskolor Skattkistan.png;C:\Users\niklas.sviden\OneDrive - Åke Sundvalls Byggnads AB\SPELET 2\Bilder\Skapade bilder\FÖRSKOLOR Skattkistan.png;temp;#3f4a1f;#e9ebd5;14;14;"En dold skatt för den hållbarhetsmedvetne; lagom stor med fokus på grön framtid. Öppna locket och hitta stabila intäkter.";#DDA063;#e9ebd5;#e9ebd5
Förskolan Smultronstället;Smultronstället;wild strawberry patch, secret spot, hidden paradise;FÖRSKOLA;2;6;5;prickad;1750;101;145;7;100;1;;1;2;1;1;4;1;1;1;1;-;-;2;-;nivå 2;-;nivå 2;-;nivå 2;-;nivå 2;-;C;1;2;54,28571429;58;50;88;C:\Users\niklas.sviden\OneDrive - Åke Sundvalls Byggnads AB\SPELET 2\Bilder\Former\Förskolor Smultronstället.png;C:\Users\niklas.sviden\OneDrive - Åke Sundvalls Byggnads AB\SPELET 2\Bilder\Skapade bilder\FÖRSKOLOR Smultronstället.png;temp;#3f4a1f;#e9ebd5;15;13;Stort och hållbart favoritprojekt, men smultron tar tid att mogna. Tålamod belönas med saftiga hyresintäkter!;#DDA063;#e9ebd5;#e9ebd5
Förskolan Stjärnfröet;Stjärnfröet;star seed, cosmic sprout, celestial growth;FÖRSKOLA;1;3;4;prickad;1000;53;80;4;60;1;;2;2;-;1;1;1;1;2;-;-;-;1;-;nivå 3;-;-;-;-;-;-;-;D;0,95;1;51;51;46;46;C:\Users\niklas.sviden\OneDrive - Åke Sundvalls Byggnads AB\SPELET 2\Bilder\Former\Förskolor Stjärnfröet.png;C:\Users\niklas.sviden\OneDrive - Åke Sundvalls Byggnads AB\SPELET 2\Bilder\Skapade bilder\FÖRSKOLOR Stjärnfröet.png;temp;#3f4a1f;#e9ebd5;16;18;"Litet frö med stora ambitioner; kräver kvalitet och hållbarhet för att gro. Energiklassen kan dock behöva lite gödning.";#DDA063;#e9ebd5;#e9ebd5
Förskolan Trollskogen;Trollskogen;enchanted forest, magical woods, fairy tale grove;FÖRSKOLA;1;4;5;prickad;1250;71;113;6;80;1;;2;2;1;1;2;1;-;1;1;1;-;1;-;-;nivå 3;-;-;-;nivå 3;-;-;D;0,9;1,5;53,6;55;50;62;C:\Users\niklas.sviden\OneDrive - Åke Sundvalls Byggnads AB\SPELET 2\Bilder\Former\Förskolor Trollskogen.png;C:\Users\niklas.sviden\OneDrive - Åke Sundvalls Byggnads AB\SPELET 2\Bilder\Skapade bilder\FÖRSKOLOR Trollskogen.png;temp;#3f4a1f;#e9ebd5;17;17;Förtrollande krävande på alla fronter: kvalitet, hållbarhet och tid i en mystisk mix. Energiklass D ger äventyret extra spänning!;#DDA063;#e9ebd5;#e9ebd5
Förskolan Tussilagon;Tussilagon;coltsfoot flower, early spring bloom, yellow wildflower;FÖRSKOLA;1;5;6;prickad;1500;91;147;7;100;1;;2;2;1;1;3;1;1;1;-;1;-;2;-;nivå 3;-;nivå 3;-;-;-;nivå 3;-;B;1,05;2;56;58;53;79;C:\Users\niklas.sviden\OneDrive - Åke Sundvalls Byggnads AB\SPELET 2\Bilder\Former\Förskolor Tussilagon.png;C:\Users\niklas.sviden\OneDrive - Åke Sundvalls Byggnads AB\SPELET 2\Bilder\Skapade bilder\FÖRSKOLOR Tussilagon.png;temp;#3f4a1f;#e9ebd5;18;16;Först att blomma med bästa energiklass B, men kräver gröna tummar på alla plan. Områdets mest framtidssäkra förskola!;#DDA063;#e9ebd5;#e9ebd5
Lokalen Bonden;Bonden;the pawn, chess piece, opening move;LOKAL;3;2;2;streckad;750;36;52;3;40;0;;1;2;-;-;;1;1;1;2;1;-;-;-;-;-;-;-;-;-;-;-;C;1;0,5;46,66666667;45;41;31;C:\Users\niklas.sviden\OneDrive - Åke Sundvalls Byggnads AB\SPELET 2\Bilder\Former\lokal Bonden.png;C:\Users\niklas.sviden\OneDrive - Åke Sundvalls Byggnads AB\SPELET 2\Bilder\Skapade bilder\LOKAL Bonden.png;temp;#6e4a18;#f1e3c6;19;21;"Liten men jordnära spelöppning; stabil investering för den försiktige. Hållbart fokus i kompakt format.";#DDA063;#f1e3c6;#f1e3c6
Lokalen Drottningen;Drottningen;the queen, chess piece, powerful move;LOKAL;3;3;2;streckad;1250;57;101;5;70;1;;1;2;-;-;;1;1;1;2;1;-;-;-;-;-;-;-;-;-;-;-;D;0,95;1,5;44;45;40;50;C:\Users\niklas.sviden\OneDrive - Åke Sundvalls Byggnads AB\SPELET 2\Bilder\Former\lokal Drottningen.png;C:\Users\niklas.sviden\OneDrive - Åke Sundvalls Byggnads AB\SPELET 2\Bilder\Skapade bilder\LOKAL Drottningen.png;temp;#6e4a18;#f1e3c6;20;20;"Mäktig mitt på brädet med god räckvidd; energin kunde vara bättre men intäkterna kompenserar. Den starkaste mellanstorleken!";#DDA063;#f1e3c6;#f1e3c6
Lokalen Gambiten;Gambiten;the gambit, chess sacrifice, strategic opening;LOKAL;3;4;2;streckad;1750;77;123;6;90;1;;1;2;-;-;;1;1;1;1;1;-;-;-;-;-;-;-;-;-;-;-;D;0,9;1,5;41,71428571;45;38;67;C:\Users\niklas.sviden\OneDrive - Åke Sundvalls Byggnads AB\SPELET 2\Bilder\Former\lokal Gambiten.png;C:\Users\niklas.sviden\OneDrive - Åke Sundvalls Byggnads AB\SPELET 2\Bilder\Skapade bilder\LOKAL Gambiten.png;temp;#6e4a18;#f1e3c6;21;19;"En offensiv satsning i stor skala; man offrar energiklass för position. Vågat men potentiellt lysande!";#DDA063;#f1e3c6;#f1e3c6
Lokalen Kungen;Kungen;the king, chess piece, royal protection;LOKAL;2;6;5;streckad;1750;98;141;7;100;1;;1;2;1;-;3;1;1;1;2;-;-;1;-;-;nivå 2;-;-;-;nivå 2;-;nivå 2;C;1;2;52;55;48;85;C:\Users\niklas.sviden\OneDrive - Åke Sundvalls Byggnads AB\SPELET 2\Bilder\Former\lokal Kungen.png;C:\Users\niklas.sviden\OneDrive - Åke Sundvalls Byggnads AB\SPELET 2\Bilder\Skapade bilder\LOKAL Kungen.png;temp;#6e4a18;#f1e3c6;22;24;"Ståtlig och strategisk med imponerande driftnetto; kräver tålamod men kontrollerar hela spelet. Schack matt för konkurrenterna!";#DDA063;#f1e3c6;#f1e3c6
Lokalen Löparen;Löparen;the bishop, chess piece, diagonal move;LOKAL;2;4;3;streckad;1250;64;101;5;70;1;;1;2;-;-;2;1;1;1;2;1;-;-;-;nivå 2;-;nivå 2;-;-;-;-;-;D;0,95;1,5;48,8;50;45;56;C:\Users\niklas.sviden\OneDrive - Åke Sundvalls Byggnads AB\SPELET 2\Bilder\Former\lokal Löparen.png;C:\Users\niklas.sviden\OneDrive - Åke Sundvalls Byggnads AB\SPELET 2\Bilder\Skapade bilder\LOKAL Löparen.png;temp;#6e4a18;#f1e3c6;23;23;"Smidig diagonal satsning i mellanklassen; rör sig elegant mellan budget och intäkt. Energin har dock utrymme att förbättras.";#DDA063;#f1e3c6;#f1e3c6
Lokalen Motdraget;Motdraget;the countermove, chess response, defensive play;LOKAL;2;3;2;streckad;1000;51;81;4;60;1;;1;2;-;-;2;1;-;1;2;1;-;-;-;-;-;-;nivå 3;-;-;-;-;D;0,9;1;49;49;44;44;C:\Users\niklas.sviden\OneDrive - Åke Sundvalls Byggnads AB\SPELET 2\Bilder\Former\lokal Motdraget.png;C:\Users\niklas.sviden\OneDrive - Åke Sundvalls Byggnads AB\SPELET 2\Bilder\Skapade bilder\LOKAL Motdraget.png;temp;#6e4a18;#f1e3c6;24;22;"Kompakt taktiskt drag med hållbar profil; energiklass D är motdragets lilla hemlighet. Ibland vinner den som spelar litet.";#DDA063;#f1e3c6;#f1e3c6
Lokalen Rokaden;Rokaden;castling, chess maneuver, king safety;LOKAL;1;1;1;streckad;500;25;36;2;30;0;;2;2;-;-;1;1;1;1;1;1;-;1;-;-;-;-;nivå 3;-;-;-;-;C;1;0,5;50;47;44;22;C:\Users\niklas.sviden\OneDrive - Åke Sundvalls Byggnads AB\SPELET 2\Bilder\Former\lokal Rokaden.png;C:\Users\niklas.sviden\OneDrive - Åke Sundvalls Byggnads AB\SPELET 2\Bilder\Skapade bilder\LOKAL Rokaden.png;temp;#6e4a18;#f1e3c6;25;27;"Minsta pjäsen på brädet men med kvalitetskrav; en elegant manöver för den som tänker strategiskt. Liten insats, smart position!";#DDA063;#f1e3c6;#f1e3c6
Lokalen Springaren;Springaren;the knight, chess piece, L-shaped move;LOKAL;1;7;8;streckad;2000;120;181;9;130;1;;2;2;2;-;3;3;1;1;2;1;-;-;-;nivå 3;-;nivå 3;-;nivå 3;-;-;-;D;0,95;2,5;55,5;60;52;104;C:\Users\niklas.sviden\OneDrive - Åke Sundvalls Byggnads AB\SPELET 2\Bilder\Former\lokal Springaren.png;C:\Users\niklas.sviden\OneDrive - Åke Sundvalls Byggnads AB\SPELET 2\Bilder\Skapade bilder\LOKAL Springaren.png;temp;#6e4a18;#f1e3c6;26;26;Brädets största projekt hoppar över alla hinder, men kräver tid och djupa fickor. Energin haltar men ytan imponerar!;#DDA063;#f1e3c6;#f1e3c6
Lokalen Tornet;Tornet;the rook, chess piece, straight power;LOKAL;1;6;7;streckad;1750;103;164;8;110;1;;2;2;1;-;3;1;1;1;2;1;-;1;-;-;-;-;nivå 3;-;nivå 3;-;-;D;0,9;2;54,85714286;58;51;90;C:\Users\niklas.sviden\OneDrive - Åke Sundvalls Byggnads AB\SPELET 2\Bilder\Former\lokal Tornet.png;C:\Users\niklas.sviden\OneDrive - Åke Sundvalls Byggnads AB\SPELET 2\Bilder\Skapade bilder\LOKAL Tornet.png;temp;#6e4a18;#f1e3c6;27;25;"Höga krav och höga ambitioner i detta ståtliga hörn; energiklassen behöver renoveras men driftnettot imponerar. Stabil som en fästning!";#DDA063;#f1e3c6;#f1e3c6
Kontoret Galaxen;Galaxen;galaxy, spiral nebula, cosmic swirl;KONTOR;3;3;2;streckad;1000;47;71;4;50;0;;1;1;-;1;;1;-;1;1;2;-;1;-;-;-;-;-;-;-;-;-;C;1;1;45;45;41;41;C:\Users\niklas.sviden\OneDrive - Åke Sundvalls Byggnads AB\SPELET 2\Bilder\Former\kontor Galaxen.png;C:\Users\niklas.sviden\OneDrive - Åke Sundvalls Byggnads AB\SPELET 2\Bilder\Skapade bilder\KONTOR Galaxen.png;temp;#363f4a;#e0e5ea;28;30;"Kompakt rymdstation för den nystartade; enkelt och prisvärt med hygglig energi. Små steg för kontoret, stora kliv för kassan!";#DDA063;#e0e5ea;#e0e5ea
Kontoret Fyrtornet;Fyrtornet;lighthouse, beacon tower, guiding light;KONTOR;3;4;2;streckad;1500;69;104;5;70;1;;1;1;-;1;;1;-;1;1;2;-;1;-;-;-;-;-;-;-;-;-;D;0,95;1,5;43,33333333;45;40;60;C:\Users\niklas.sviden\OneDrive - Åke Sundvalls Byggnads AB\SPELET 2\Bilder\Former\kontor Fyrtornet.png;C:\Users\niklas.sviden\OneDrive - Åke Sundvalls Byggnads AB\SPELET 2\Bilder\Skapade bilder\KONTOR Fyrtornet.png;temp;#363f4a;#e0e5ea;29;29;"Lyser upp kontorsmarknaden i mellanklass; energin fladdrar lite men intäkterna är stabila. En trygg hamn för hyresgäster!";#DDA063;#e0e5ea;#e0e5ea
Kontoret Bastionen;Bastionen;bastion, fortified tower, stronghold;KONTOR;3;5;2;streckad;2000;89;142;7;100;1;;1;1;-;1;;1;-;1;2;1;-;1;-;-;-;-;-;-;-;-;-;D;0,9;2;41,5;45;38;77;C:\Users\niklas.sviden\OneDrive - Åke Sundvalls Byggnads AB\SPELET 2\Bilder\Former\kontor Bastionen.png;C:\Users\niklas.sviden\OneDrive - Åke Sundvalls Byggnads AB\SPELET 2\Bilder\Skapade bilder\KONTOR Bastionen.png;temp;#363f4a;#e0e5ea;30;28;"Stor kontorsfästning till budgetpris; energiklass D ger utrymme för framtida uppgradering. Mycket yta för pengarna!";#DDA063;#e0e5ea;#e0e5ea
Kontoret Nebulosan;Nebulosan;nebula, cosmic cloud, star nursery;KONTOR;2;4;3;streckad;1250;62;108;5;80;1;;2;2;-;-;2;1;-;1;1;1;-;1;-;nivå 2;-;-;-;nivå 2;-;-;-;C;1;1,5;48,8;51;43;54;C:\Users\niklas.sviden\OneDrive - Åke Sundvalls Byggnads AB\SPELET 2\Bilder\Former\kontor Nebulosan.png;C:\Users\niklas.sviden\OneDrive - Åke Sundvalls Byggnads AB\SPELET 2\Bilder\Skapade bilder\KONTOR Nebulosan.png;temp;#363f4a;#e0e5ea;31;33;"Mystiskt lysande kontor med kvalitets- och hållbarhetskrav; modern energiklass i kompakt format. En stjärna i vardande!";#DDA063;#e0e5ea;#e0e5ea
Kontoret Kvadranten;Kvadranten;quadrant, navigation instrument, star chart;KONTOR;2;6;5;streckad;1750;97;146;7;100;1;;2;2;1;-;3;1;-;1;1;2;-;1;-;-;nivå 2;-;nivå 3;-;nivå 2;-;-;D;0,95;2;52;56;48;84;C:\Users\niklas.sviden\OneDrive - Åke Sundvalls Byggnads AB\SPELET 2\Bilder\Former\kontor Kvadranten.png;C:\Users\niklas.sviden\OneDrive - Åke Sundvalls Byggnads AB\SPELET 2\Bilder\Skapade bilder\KONTOR Kvadranten.png;temp;#363f4a;#e0e5ea;32;32;"Välplanerat kontorsprojekt i rätt sektor av galaxen; kräver tid och kvalitet men navigerar mot fint driftnetto.";#DDA063;#e0e5ea;#e0e5ea
Kontoret Kometbanan;Kometbanan;comet path, orbital trail, stellar trajectory;KONTOR;2;6;5;streckad;1750;97;154;8;110;1;;2;2;1;-;3;1;1;1;1;1;-;1;-;-;-;nivå 2;-;nivå 2;-;nivå 2;-;D;0,9;2;52;56;48;84;C:\Users\niklas.sviden\OneDrive - Åke Sundvalls Byggnads AB\SPELET 2\Bilder\Former\kontor Kometbanan.png;C:\Users\niklas.sviden\OneDrive - Åke Sundvalls Byggnads AB\SPELET 2\Bilder\Skapade bilder\KONTOR Kometbanan.png;temp;#363f4a;#e0e5ea;33;31;"Sveper in med fart och ambition; samma kaliber som Kvadranten men energiklassen lämnar en svans av förbättringspotential!";#DDA063;#e0e5ea;#e0e5ea
Kontoret Stjärnhamnen;Stjärnhamnen;star harbor, celestial port, cosmic dock;KONTOR;1;7;8;streckad;2000;126;210;11;150;2;;2;3;2;-;4;4;-;1;1;2;-;1;-;-;nivå 3;-;-;nivå 3;-;nivå 3;nivå 3;C;1;3;58,5;63;55;110;C:\Users\niklas.sviden\OneDrive - Åke Sundvalls Byggnads AB\SPELET 2\Bilder\Former\kontor Stjärnhamnen.png;C:\Users\niklas.sviden\OneDrive - Åke Sundvalls Byggnads AB\SPELET 2\Bilder\Skapade bilder\KONTOR Stjärnhamnen.png;temp;#363f4a;#e0e5ea;34;36;"Galaxens kronjuvel med toppnoteringar i hållbarhet och driftnetto; en premium rymdhamn för den tålmodige investeraren!";#DDA063;#e0e5ea;#e0e5ea
Kontoret Rymdaxeln;Rymdaxeln;space axis, cosmic alignment, stellar center;KONTOR;1;7;8;streckad;2000;121;182;9;130;1;;2;3;2;-;2;3;1;1;1;2;-;1;-;-;-;-;-;-;nivå 3;-;nivå 3;D;0,95;2,5;55,5;59;52;105;C:\Users\niklas.sviden\OneDrive - Åke Sundvalls Byggnads AB\SPELET 2\Bilder\Former\kontor Rymdaxeln.png;C:\Users\niklas.sviden\OneDrive - Åke Sundvalls Byggnads AB\SPELET 2\Bilder\Skapade bilder\KONTOR Rymdaxeln.png;temp;#363f4a;#e0e5ea;35;35;"Ambitiöst projekt som snurrar kring hög hållbarhet; energin vinglar lite men driftnettot håller kursen. Nära stjärnorna!";#DDA063;#e0e5ea;#e0e5ea
Kontoret Observatoriet;Observatoriet;observatory, telescope dome, stargazing;KONTOR;1;7;8;streckad;2000;129;205;10;140;1;;3;3;2;-;4;4;-;1;2;2;-;1;-;-;-;-;-;-;-;-;-;D;0,9;3;59,5;64;56;112;C:\Users\niklas.sviden\OneDrive - Åke Sundvalls Byggnads AB\SPELET 2\Bilder\Former\kontor Observatoriet.png;C:\Users\niklas.sviden\OneDrive - Åke Sundvalls Byggnads AB\SPELET 2\Bilder\Skapade bilder\KONTOR Observatoriet.png;temp;#363f4a;#e0e5ea;36;34;"Det mest krävande kontoret i universum; toppkvalitet och maximal hållbarhet till galaktiskt pris. Energiklass D? Kalla det retrocharm!";#DDA063;#e0e5ea;#e0e5ea
Hyresrätt Hamnskiftet;Hamnskiftet;harbor change, port transition, dock shift;HYRESRÄTT;3;2;2;heldragen;750;34;71;3;50;0;;1;1;-;-;;1;-;1;2;-;-;1;-;-;-;-;-;-;-;-;-;C;1;1;45,33333333;44;40;30;C:\Users\niklas.sviden\OneDrive - Åke Sundvalls Byggnads AB\SPELET 2\Bilder\Former\Hyresrätt Hamnskiftet.png;C:\Users\niklas.sviden\OneDrive - Åke Sundvalls Byggnads AB\SPELET 2\Bilder\Skapade bilder\Hyresrätt Hamnskiftet.png;temp;#6b5a2c;#f1ead2;37;39;"Lättankrat instegsprojekt vid kajen; liten men prisvärd med ordentlig energi. Perfekt första hamn för nya hyresvärdar!";#DDA063;#f1ead2;#f1ead2
Hyresrätt Fågelsången;Fågelsången;birdsong, avian melody, morning chorus;HYRESRÄTT;3;3;2;heldragen;1250;55;83;3;60;1;;1;1;-;-;;1;-;1;2;1;-;-;-;-;-;-;-;-;-;-;-;D;0,95;1;42,4;44;39;48;C:\Users\niklas.sviden\OneDrive - Åke Sundvalls Byggnads AB\SPELET 2\Bilder\Former\Hyresrätt Fågelsången.png;C:\Users\niklas.sviden\OneDrive - Åke Sundvalls Byggnads AB\SPELET 2\Bilder\Skapade bilder\Hyresrätt Fågelsången.png;temp;#6b5a2c;#f1ead2;38;38;"Mellanstort bo med modest kvitter i kassan; energin har visst utrymme att flyga högre. Trivsamt utan krus!";#DDA063;#f1ead2;#f1ead2
Hyresrätt Bergsluttningen;Bergsluttningen;mountain slope, hillside, rocky incline;HYRESRÄTT;3;4;2;heldragen;1500;75;120;5;80;1;;1;1;-;-;3;1;-;1;2;-;-;1;-;-;-;-;nivå 2;-;-;-;-;D;0,9;1,5;47,33333333;50;43;65;C:\Users\niklas.sviden\OneDrive - Åke Sundvalls Byggnads AB\SPELET 2\Bilder\Former\Hyresrätt Bergsluttningen.png;C:\Users\niklas.sviden\OneDrive - Åke Sundvalls Byggnads AB\SPELET 2\Bilder\Skapade bilder\Hyresrätt Bergsluttningen.png;temp;#6b5a2c;#f1ead2;39;37;Generöst och vackert beläget men energin rullar utför, kompenseras av stabila hyresintäkter. Utsikten uppväger sluttningen!;#DDA063;#f1ead2;#f1ead2
Hyresrätt Rosenlunden;Rosenlunden;rose grove, flowering garden, romantic park;HYRESRÄTT;2;2;1;heldragen;750;37;71;3;50;0;;2;1;-;1;1;1;-;-;2;1;-;1;-;-;-;-;-;-;nivå 2;-;-;C;1;1;48;47;43;32;C:\Users\niklas.sviden\OneDrive - Åke Sundvalls Byggnads AB\SPELET 2\Bilder\Former\Hyresrätt Rosenlunden.png;C:\Users\niklas.sviden\OneDrive - Åke Sundvalls Byggnads AB\SPELET 2\Bilder\Skapade bilder\Hyresrätt Rosenlunden.png;temp;#6b5a2c;#f1ead2;40;42;"Liten trädgård med kvalitetskrav bland rosenrabatterna; kostar lite mer men doftar desto bättre. Omsorgsfullt i miniatyr!";#DDA063;#f1ead2;#f1ead2
Hyresrätt Lövängen;Lövängen;leaf meadow, deciduous clearing, green pasture;HYRESRÄTT;2;4;3;heldragen;1250;66;101;4;70;1;;2;1;-;1;2;1;-;2;1;-;-;1;-;-;-;-;-;nivå 2;-;-;-;D;0,95;1,5;49,6;51;46;57;C:\Users\niklas.sviden\OneDrive - Åke Sundvalls Byggnads AB\SPELET 2\Bilder\Former\Hyresrätt Lövängen.png;C:\Users\niklas.sviden\OneDrive - Åke Sundvalls Byggnads AB\SPELET 2\Bilder\Skapade bilder\Hyresrätt Lövängen.png;temp;#6b5a2c;#f1ead2;41;41;"Lummigt mellanting med kvalitetskrav; energin kunde fått en grönare nyans men driftnettot blommar fint.";#DDA063;#f1ead2;#f1ead2
Hyresrätt Kvarnbacken;Kvarnbacken;mill hill, grinding slope, water mill;HYRESRÄTT;2;5;4;heldragen;1500;82;131;5;90;1;;2;1;-;1;3;1;1;1;1;-;-;1;-;-;nivå 2;-;nivå 3;-;-;-;nivå 2;D;0,9;2;51,33333333;54;47;71;C:\Users\niklas.sviden\OneDrive - Åke Sundvalls Byggnads AB\SPELET 2\Bilder\Former\Hyresrätt Kvarnbacken.png;C:\Users\niklas.sviden\OneDrive - Åke Sundvalls Byggnads AB\SPELET 2\Bilder\Skapade bilder\Hyresrätt Kvarnbacken.png;temp;#6b5a2c;#f1ead2;42;40;"Stor kvarn som mal fram hyresintäkter; kvaliteten ska vara hög men energin maler tungt. Mycket att vinna för den envise!";#DDA063;#f1ead2;#f1ead2
Hyresrätt Åkanten;Åkanten;river bank, stream edge, waterside;HYRESRÄTT;1;2;2;heldragen;750;39;71;3;50;0;;2;2;-;1;1;1;-;1;1;1;-;1;-;nivå 3;-;-;nivå 3;-;-;-;nivå 3;C;1;1;50,66666667;49;45;34;C:\Users\niklas.sviden\OneDrive - Åke Sundvalls Byggnads AB\SPELET 2\Bilder\Former\Hyresrätt Åkanten.png;C:\Users\niklas.sviden\OneDrive - Åke Sundvalls Byggnads AB\SPELET 2\Bilder\Skapade bilder\Hyresrätt Åkanten.png;temp;#6b5a2c;#f1ead2;43;45;"Litet grönt projekt vid vattendraget; hållbart och kvalitetsmedvetet i fickformat. Bäcken är liten men flödet är stadigt!";#DDA063;#f1ead2;#f1ead2
Hyresrätt Stenbrynet;Stenbrynet;stone edge, rock ridge, granite brow;HYRESRÄTT;1;7;8;heldragen;2000;122;185;7;130;1;;2;2;2;1;3;4;1;1;2;-;-;1;-;-;nivå 3;-;-;nivå 3;-;nivå 3;-;B;1,05;2,5;56,5;61;53;106;C:\Users\niklas.sviden\OneDrive - Åke Sundvalls Byggnads AB\SPELET 2\Bilder\Former\Hyresrätt Stenbrynet.png;C:\Users\niklas.sviden\OneDrive - Åke Sundvalls Byggnads AB\SPELET 2\Bilder\Skapade bilder\Hyresrätt Stenbrynet.png;temp;#6b5a2c;#f1ead2;44;44;"Områdets flaggskepp med bästa energiklass B och rejält driftnetto; kräver tid och kapital men belönar med stabil avkastning!";#DDA063;#f1ead2;#f1ead2
Hyresrätt Sjöglimten;Sjöglimten;lake glimmer, water sparkle, shimmering shore;HYRESRÄTT;1;6;7;heldragen;1750;101;152;6;110;1;;2;2;1;1;2;1;-;1;2;1;-;1;-;-;-;nivå 3;-;-;-;-;nivå 3;D;0,95;2;53,71428571;57;50;88;C:\Users\niklas.sviden\OneDrive - Åke Sundvalls Byggnads AB\SPELET 2\Bilder\Former\Hyresrätt Sjöglimten.png;C:\Users\niklas.sviden\OneDrive - Åke Sundvalls Byggnads AB\SPELET 2\Bilder\Skapade bilder\Hyresrätt Sjöglimten.png;temp;#6b5a2c;#f1ead2;45;43;"Vacker glimt av sjön från detta stora hållbara projekt; kräver tålamod men glittrar med fina intäkter.";#DDA063;#f1ead2;#f1ead2
