Roll;ID;Namn;Specialisering;Rb;Lindring;Händelsemotstand;Nämnd;Q;H;T;Erfarenhet;STA;KOM;SAM;NOG;INN;ABM;Beskrivning;fill_color;line_color;@bild;ordning_bild;ordning_text;skede_color;bakskede;bakgrund_color
PROJEKTCHEF;PC-1;Politikern;Politik;-;5;Politikkort;;;;;1;1;3;-;-;-;-;Korridorernas kung. Vet exakt vilken politiker som behöver en kopp kaffe och vem som vill bli bjuden på lunch. Oöverträffad på att avvärja politiska stormar, men saknar kontakter i nämnden och har en tunn säkerhetsmarginal om något går snett.;#9E968E;#605951;C:\Users\niklas.sviden\OneDrive - Åke Sundvalls Byggnads AB\SPELET 2\Bilder\Skapade bilder\Projektchef Politikern.png;1;4;#DDA063;#FAF1E8;#FCF6EF
PROJEKTCHEF;PC-2;Diplomaten;Politik;2;1;Politikkort;1;;;;1;1;2;-;-;-;-;Omtyckt av alla. Navigerar med lika stor elegans i politiska rum som i medborgardialoger. Lagom med allt, aldrig bäst på något, men aldrig sämst heller. Tryggt val för den som inte vill satsa.;#9E968E;#605951;C:\Users\niklas.sviden\OneDrive - Åke Sundvalls Byggnads AB\SPELET 2\Bilder\Skapade bilder\Projektchef Diplomaten.png;2;3;#DDA063;#FAF1E8;#FCF6EF
PROJEKTCHEF;PC-3;Stadshusräven;Nämnd;1;3;Nämnd;3;;;;1;1;2;-;-;-;-;Tjugo år i kommunhuset har byggt ett kontaktnät som ingen annan kan matcha. Nämnden litar blint på stadshusräven. Men utanför nämndrummet? Tystlåten profil, lindrar knappt politikens vindar och har lite att falla tillbaka på om det går fel.;#9E968E;#605951;C:\Users\niklas.sviden\OneDrive - Åke Sundvalls Byggnads AB\SPELET 2\Bilder\Skapade bilder\Projektchef Stadshusräven.png;3;2;#DDA063;#FAF1E8;#FCF6EF
PROJEKTCHEF;PC-4;Visionären;Politik;1;3;Dialogkort;2;1;;;;-;1;-;-;-;-;Målar framtidsbilder som får medborgare att drömma och nämndledamöter att nicka. Briljant i dialoger och stark i nämnden. Men fråga inte om detaljplaneprocessen, här ses skogen, inte träden. Och glöm inte, tunn säkerhetsmarginal om verkligheten knackar på.;#9E968E;#605951;C:\Users\niklas.sviden\OneDrive - Åke Sundvalls Byggnads AB\SPELET 2\Bilder\Skapade bilder\Projektchef Visionären.png;4;1;#DDA063;#FAF1E8;#FCF6EF
PROJEKTCHEF;PC-5;Den Erfarne;Hållbarhet;2;1;Politikkort;1;;1;;;1;2;-;-;-;-;Har sett det mesta. Bygger inga slott i luften men levererar stadiga projekt med hållbarhet i ryggraden. Inga genvägar, inga överraskningar. Trygg startpunkt, så länge du inte behöver driva igenom ett svårt nämndärende.;#9E968E;#605951;C:\Users\niklas.sviden\OneDrive - Åke Sundvalls Byggnads AB\SPELET 2\Bilder\Skapade bilder\Projektchef Den Erfarne.png;5;8;#DDA063;#FAF1E8;#FCF6EF
PROJEKTCHEF;PC-6;Hållbarhetsivraren;Hållbarhet;1;3;Dialogkort;1;;2;;;1;1;-;-;-;-;Pratar hållbarhet som andra pratar väder, naturligt och ständigt. Projekt får automatiskt en grön prägel. Stark i medborgardialog och godkänd i nämnden. Men vid en politisk kris? Bara tomma blickar.;#9E968E;#605951;C:\Users\niklas.sviden\OneDrive - Åke Sundvalls Byggnads AB\SPELET 2\Bilder\Skapade bilder\Projektchef Hållbarhetschefen.png;6;7;#DDA063;#FAF1E8;#FCF6EF
PROJEKTCHEF;PC-7;Tidsoptimisten;Tid & Risk;3;;;;;;1;;1;1;-;-;-;-;Springer. Alltid. Projekt startar snabbare än alla andras och har en generös riskbuffert att luta sig mot. Men inga nämndkontakter, ingen lindring när stormarna kommer, och om det politiska läget hårdnar finns inget paraply.;#9E968E;#605951;C:\Users\niklas.sviden\OneDrive - Åke Sundvalls Byggnads AB\SPELET 2\Bilder\Skapade bilder\Projektchef Tidsoptimisten.png;7;6;#DDA063;#FAF1E8;#FCF6EF
PROJEKTCHEF;PC-8;Kvalitetsfanatikern;Kvalitet;2;1;Dialogkort;;2;;;;1;2;-;-;-;-;Mäter två gånger och skär en gång. Kvaliteten i varje projekt är oslagbar, men noll intresse för nämndpolitik och medelgod dialogförmåga. Rätt val när kvalitetskraven blir tuffa.;#9E968E;#605951;C:\Users\niklas.sviden\OneDrive - Åke Sundvalls Byggnads AB\SPELET 2\Bilder\Skapade bilder\Projektchef Kvalitetsfanatikern.png;8;5;#DDA063;#FAF1E8;#FCF6EF
PROJEKTCHEF;PC-9;Nätverkaren;Dialog;1;3;Dialogkort;2;;;;;2;2;-;-;-;-;Känner alla, och alla känner Nätverkaren. Styrkan är bredden, lindrar lite överallt och har bra nämndkontakter. Ledarskapet och kommunikationen sitter. Men tunn i varje dimension, bredd före djup.;#9E968E;#605951;C:\Users\niklas.sviden\OneDrive - Åke Sundvalls Byggnads AB\SPELET 2\Bilder\Skapade bilder\Projektchef Nätverkaren.png;9;12;#DDA063;#FAF1E8;#FCF6EF
PROJEKTCHEF;PC-10;Allroundern;Generalist;2;1;Politikkort;1;1;;;;1;1;-;-;-;-;Skickas in när ingen vet vad projektet behöver. Rimlig krisberedskap, rimligt nämndstöd, ett öga för kvalitet. Inte spektakulär, men ständigt användbar. En sund säkerhetsmarginal ger trygghet.;#9E968E;#605951;C:\Users\niklas.sviden\OneDrive - Åke Sundvalls Byggnads AB\SPELET 2\Bilder\Skapade bilder\Projektchef Allroundern.png;10;11;#DDA063;#FAF1E8;#FCF6EF
PROJEKTCHEF;;;;;;;;;;;;;;;;;;;#9E968E;#605951;;11;10;#DDA063;#FAF1E8;#FCF6EF
PROJEKTCHEF;;;;;;;;;;;;;;;;;;;#9E968E;#605951;;12;9;#DDA063;#FAF1E8;#FCF6EF
PROJEKTCHEF;;;;;;;;;;;;;;;;;;;#9E968E;#605951;;13;16;#DDA063;#FAF1E8;#FCF6EF
PROJEKTCHEF;;;;;;;;;;;;;;;;;;;#9E968E;#605951;;14;15;#DDA063;#FAF1E8;#FCF6EF
PROJEKTCHEF;;;;;;;;;;;;;;;;;;;#9E968E;#605951;;15;14;#DDA063;#FAF1E8;#FCF6EF
PROJEKTCHEF;;;;;;;;;;;;;;;;;;;#9E968E;#605951;;16;13;#DDA063;#FAF1E8;#FCF6EF
