Fas;Kort_ID;ID;Namn;Typ;Fas;Svårighetsgrad;Beskrivning;Summering;Trigger;Klassvillkor;Tröskel_1_5;Tröskel_6_17;Tröskel_18_20;Tröskel_21_plus;@bildsida;@textsida;fill_color;line_color;Rubrik;ordning_bild;ordning_text;skede_color;bakgrund_color;bakskede
Förberedelse;DIGITALISERING;1;IT-system kan inte integreras vid projekteringsstart;Negativt;Förberedelse;Tidig-Medium;Projektets digitala system (BIM, tidplan, ekonomi och klimatkalkyl) kan inte synkroniseras. Data till klimatdeklarationen måste matas in manuellt.;Digitalisering, Stödfunktioner;Alla;Alla;Kvalitetsbrist: -4 Mkr, -1 Q;Mindre problem: -2 Mkr;Hanterat: -1 Mkr;Väl hanterat: Ingen effekt;C:\Users\niklas.sviden\OneDrive - Åke Sundvalls Byggnads AB\SPELET 2\Bilder\Skapade bilder/Händelsekort Planering.png;C:\Users\niklas.sviden\OneDrive - Åke Sundvalls Byggnads AB\SPELET 2\Bilder\Skapade bilder/Organisation Digitalisering.png;#0F3D5C;#1A6B9A;HÄNDELSEKORT;1;4;#1A6B9A;#FCF6EF;#DDE9F0
Förberedelse;DIGITALISERING;2;BIM-modellen har felaktigheter;Neutralt;Förberedelse;Medium;Vid granskning visar BIM-modellen fel mått på håltagningar och genomföringar. Konsulterna måste uppdatera modellerna och klimatkalkylen får räknas om.;Digitalisering, Operativt team;Alla;Skalad;Mindre problem: -2 Mkr;Mindre justering: -1 Mkr;Väl planerat: Ingen effekt;Effektivisering: +1 Q;C:\Users\niklas.sviden\OneDrive - Åke Sundvalls Byggnads AB\SPELET 2\Bilder\Skapade bilder/Händelsekort Planering.png;C:\Users\niklas.sviden\OneDrive - Åke Sundvalls Byggnads AB\SPELET 2\Bilder\Skapade bilder/Organisation Digitalisering.png;#0F3D5C;#1A6B9A;HÄNDELSEKORT;2;3;#1A6B9A;#FCF6EF;#DDE9F0
Förberedelse;DIGITALISERING;3;Digital samordningsplattform ger effekt;Positivt;Förberedelse;Sen;Gemensam projektplattform med realtidsuppföljning ger alla konsulter samma lägesbild över ritningar, klimatkalkyl och hållbarhetsmål.;Digitalisering, Operativt team, Stödfunktioner;Alla;Alla;Teamet missar möjligheten: Ingen effekt;Mindre förbättring: +2 Mkr;God förbättring: +4 Mkr;Revolutionerande: +1 H, +10 Mkr;C:\Users\niklas.sviden\OneDrive - Åke Sundvalls Byggnads AB\SPELET 2\Bilder\Skapade bilder/Händelsekort Planering.png;C:\Users\niklas.sviden\OneDrive - Åke Sundvalls Byggnads AB\SPELET 2\Bilder\Skapade bilder/Organisation Digitalisering.png;#0F3D5C;#1A6B9A;HÄNDELSEKORT;3;2;#1A6B9A;#FCF6EF;#DDE9F0
Förberedelse;FASADER;4;Fasadmaterial underkänns av stadsarkitekt;Negativt;Förberedelse;Sen;Kommunens gestaltningsråd underkänner fasadtypen och kräver ett mer beständigt eller återbrukat material. Ny fasadprojektering krävs.;FASADER, Operativt team, Digitalisering;Alla;Skalad (BTA);Kvalitetsbrist: -4 Mkr, -1 Q;Mindre problem: -2 Mkr;Hanterat: -1 Mkr;Väl hanterat: Ingen effekt;C:\Users\niklas.sviden\OneDrive - Åke Sundvalls Byggnads AB\SPELET 2\Bilder\Skapade bilder/Händelsekort Planering.png;C:\Users\niklas.sviden\OneDrive - Åke Sundvalls Byggnads AB\SPELET 2\Bilder\Skapade bilder/Leverantörer FASADER.png;#0F3D5C;#1A6B9A;HÄNDELSEKORT;4;1;#1A6B9A;#FCF6EF;#DDE9F0
Förberedelse;FASADER;5;Fasaddetaljer krockar med energikrav;Negativt;Förberedelse;Medium;Arkitektens fasadutformning ger köldbryggor som inte uppfyller nya byggreglers U-värdeskrav. Omarbetning av anslutningsdetaljer.;FASADER, Operativt team;Alla;Skalad;Kvalitetsbrist: -2 Mkr, -1 H;Mindre problem: -1 Mkr;Hanterat: Ingen effekt;Väl hanterat: Ingen effekt;C:\Users\niklas.sviden\OneDrive - Åke Sundvalls Byggnads AB\SPELET 2\Bilder\Skapade bilder/Händelsekort Planering.png;C:\Users\niklas.sviden\OneDrive - Åke Sundvalls Byggnads AB\SPELET 2\Bilder\Skapade bilder/Leverantörer FASADER.png;#0F3D5C;#1A6B9A;HÄNDELSEKORT;5;8;#1A6B9A;#FCF6EF;#DDE9F0
Förberedelse;FASADER;6;Fasadval ökar projektvärdet;Positivt;Förberedelse;Sen;Arkitektens förslag på fasadmaterial med god klimatdeklaration och tydlig hållbarhetsprofil stärker projektets attraktivitet vid förhandsförsäljning.;FASADER, Försäljning;Alla;Alla;Ingen effekt;Mindre försäljningsökning: +1 Mkr;God försäljningsökning: +3 Mkr;Mycket god försäljningsökning: +5 Mkr, +1 H;C:\Users\niklas.sviden\OneDrive - Åke Sundvalls Byggnads AB\SPELET 2\Bilder\Skapade bilder/Händelsekort Planering.png;C:\Users\niklas.sviden\OneDrive - Åke Sundvalls Byggnads AB\SPELET 2\Bilder\Skapade bilder/Leverantörer FASADER.png;#0F3D5C;#1A6B9A;HÄNDELSEKORT;6;7;#1A6B9A;#FCF6EF;#DDE9F0
Förberedelse;FASADER;7;Fasadritning kolliderar med fönsterplacering;Negativt;Förberedelse;Medium;Fasaduppritningen stämmer inte med planlösningens fönsterplacering. Samordning mellan A- och K-handlingar behövs.;FASADER, Logistik;Alla;Skalad (BTA);Fördröjning: 2 månader;Fördröjning: 1 månad;Hanterat: Ingen effekt;Väl planerat: Ingen effekt;C:\Users\niklas.sviden\OneDrive - Åke Sundvalls Byggnads AB\SPELET 2\Bilder\Skapade bilder/Händelsekort Planering.png;C:\Users\niklas.sviden\OneDrive - Åke Sundvalls Byggnads AB\SPELET 2\Bilder\Skapade bilder/Leverantörer FASADER.png;#0F3D5C;#1A6B9A;HÄNDELSEKORT;7;6;#1A6B9A;#FCF6EF;#DDE9F0
Förberedelse;GEM ARBETEN;8;Gemensamma utrymmen saknas i programhandling;Negativt;Förberedelse;Medium;Programmet missar att specificera soprum med källsortering, cykelförråd och teknikutrymmen. Komplettering av handlingarna krävs.;Gemensamma arbeten, Operativt team;Alla;Alla;Fördröjning: 3 månader;Fördröjning: 2 månader;Fördröjning: 1 månad;Väl löst: Ingen effekt;C:\Users\niklas.sviden\OneDrive - Åke Sundvalls Byggnads AB\SPELET 2\Bilder\Skapade bilder/Händelsekort Planering.png;C:\Users\niklas.sviden\OneDrive - Åke Sundvalls Byggnads AB\SPELET 2\Bilder\Skapade bilder\Leverantörer GEMENSAMMA ARBETEN.png;#0F3D5C;#1A6B9A;HÄNDELSEKORT;8;5;#1A6B9A;#FCF6EF;#DDE9F0
Förberedelse;GEM ARBETEN;9;Gemensamma ytor omfördelas i ritning;Neutralt;Förberedelse;Medium;Omfördelning av gemensamma ytor i planritning ger bättre funktion men kräver ny brandritning.;Gemensamma arbeten, Planering;Alla;Skalad;Mindre problem: -1 Mkr;Justering: Ingen effekt;Väl planerat: +1 Mkr;Optimalt: +2 Mkr;C:\Users\niklas.sviden\OneDrive - Åke Sundvalls Byggnads AB\SPELET 2\Bilder\Skapade bilder/Händelsekort Planering.png;C:\Users\niklas.sviden\OneDrive - Åke Sundvalls Byggnads AB\SPELET 2\Bilder\Skapade bilder\Leverantörer GEMENSAMMA ARBETEN.png;#0F3D5C;#1A6B9A;HÄNDELSEKORT;9;12;#1A6B9A;#FCF6EF;#DDE9F0
Förberedelse;GEM ARBETEN;10;Beställaren vill ha fler gemensamma ytor (B-ÄTA);Neutralt;Förberedelse;Medium;BRF-styrelsen vill lägga till gym och samlingslokaler för delningsekonomi mellan boende. Programändring och ny kostnadskalkyl behövs.;Gemensamma arbeten, Beställare;Alla;Alla;Kostnad: -2 Mkr;Kostnad: -1 Mkr;Hanterat: Ingen effekt;Väl förhandlat: +1 Mkr;C:\Users\niklas.sviden\OneDrive - Åke Sundvalls Byggnads AB\SPELET 2\Bilder\Skapade bilder/Händelsekort Planering.png;C:\Users\niklas.sviden\OneDrive - Åke Sundvalls Byggnads AB\SPELET 2\Bilder\Skapade bilder\Leverantörer GEMENSAMMA ARBETEN.png;#0F3D5C;#1A6B9A;HÄNDELSEKORT;10;11;#1A6B9A;#FCF6EF;#DDE9F0
Förberedelse;GEM ARBETEN;11;Myndigheter tolkar brandskyddskrav olika;Negativt;Förberedelse;Medium;Bygglov, brandkonsult och räddningstjänst har olika tolkningar av brandcellsindelningen i ritningarna.;Gemensamma arbeten, Myndigheter;Alla;Skalad;Fördröjning: 3 månader;Fördröjning: 2 månader;Fördröjning: 1 månad;Väl löst: Ingen effekt;C:\Users\niklas.sviden\OneDrive - Åke Sundvalls Byggnads AB\SPELET 2\Bilder\Skapade bilder/Händelsekort Planering.png;C:\Users\niklas.sviden\OneDrive - Åke Sundvalls Byggnads AB\SPELET 2\Bilder\Skapade bilder\Leverantörer GEMENSAMMA ARBETEN.png;#0F3D5C;#1A6B9A;HÄNDELSEKORT;11;10;#1A6B9A;#FCF6EF;#DDE9F0
Förberedelse;GEM ARBETEN;12;APD-plan för blandad verksamhet komplex;Negativt;Förberedelse;Medium;Förskolans säkerhetskrav och bostädernas tillgänglighet kräver separata entréer. Omarbetning av situationsplan.;Gemensamma arbeten, Säkerhet;Alla;Skalad;Kostnad: -2 Mkr;Mindre problem: -1 Mkr;Hanterat: Ingen effekt;Väl löst: Ingen effekt;C:\Users\niklas.sviden\OneDrive - Åke Sundvalls Byggnads AB\SPELET 2\Bilder\Skapade bilder/Händelsekort Planering.png;C:\Users\niklas.sviden\OneDrive - Åke Sundvalls Byggnads AB\SPELET 2\Bilder\Skapade bilder\Leverantörer GEMENSAMMA ARBETEN.png;#0F3D5C;#1A6B9A;HÄNDELSEKORT;12;9;#1A6B9A;#FCF6EF;#DDE9F0
Förberedelse;HUSUNDERBYGGNAD;13;Geoutlåtande visar bättre grund än väntat;Positivt;Förberedelse;Medium;Geoteknisk utredning visar att enklare grundläggning räcker. Mindre betong och stål ger besparingar och lägre klimatpåverkan i klimatkalkylen.;Husunderbyggnad, Geoteknik;Alla;Alla;Mindre besparing: +1 Mkr;Besparing: +2 Mkr;Bra besparing: +3 Mkr;Optimalt: +1 Q;C:\Users\niklas.sviden\OneDrive - Åke Sundvalls Byggnads AB\SPELET 2\Bilder\Skapade bilder/Händelsekort Planering.png;C:\Users\niklas.sviden\OneDrive - Åke Sundvalls Byggnads AB\SPELET 2\Bilder\Skapade bilder/Leverantörer HUSUNDERBYGGNAD.png;#0F3D5C;#1A6B9A;HÄNDELSEKORT;13;16;#1A6B9A;#FCF6EF;#DDE9F0
Förberedelse;HUSUNDERBYGGNAD;14;Grundvattenutredning visar nya nivåer;Negativt;Förberedelse;Medium;Kompletterande grundvattenundersökning ger högre nivåer än antaget. Konstruktören reviderar dräneringen och dagvattenhanteringen.;Husunderbyggnad, Geoteknik;Alla;Skalad;Fördröjning: 3 månader;Fördröjning: 2 månader;Fördröjning: 1 månad;Väl löst: Ingen effekt;C:\Users\niklas.sviden\OneDrive - Åke Sundvalls Byggnads AB\SPELET 2\Bilder\Skapade bilder/Händelsekort Planering.png;C:\Users\niklas.sviden\OneDrive - Åke Sundvalls Byggnads AB\SPELET 2\Bilder\Skapade bilder/Leverantörer HUSUNDERBYGGNAD.png;#0F3D5C;#1A6B9A;HÄNDELSEKORT;14;15;#1A6B9A;#FCF6EF;#DDE9F0
Förberedelse;HUSUNDERBYGGNAD;15;Grundkonstruktionen kan optimeras;Positivt;Förberedelse;Medium;Detaljprojekteringen visar att grundplattan kan tunnas och delvis utföras i lågkolbetong. Konstruktören föreslår en kostnadseffektivare och klimatsmartare lösning.;Husunderbyggnad, Konstruktion;Alla;Alla;Effektivitet: +1 Mkr;Effektivitet: +2 Mkr;Mycket bra: +3 Mkr;Optimalt: +5 Mkr;C:\Users\niklas.sviden\OneDrive - Åke Sundvalls Byggnads AB\SPELET 2\Bilder\Skapade bilder/Händelsekort Planering.png;C:\Users\niklas.sviden\OneDrive - Åke Sundvalls Byggnads AB\SPELET 2\Bilder\Skapade bilder/Leverantörer HUSUNDERBYGGNAD.png;#0F3D5C;#1A6B9A;HÄNDELSEKORT;15;14;#1A6B9A;#FCF6EF;#DDE9F0
Förberedelse;HUSUNDERBYGGNAD;16;Sättningsberäkning visar differenser;Negativt;Förberedelse;Medium;Geoteknikerns beräkning visar att olika laster från bostäder och lokaler ger ojämn sättning. Grundkonstruktionen måste projekteras om.;Husunderbyggnad, Konstruktion;Alla;Skalad;Fördröjning: 3 månader;Fördröjning: 2 månader;Fördröjning: 1 månad;Väl löst: Ingen effekt;C:\Users\niklas.sviden\OneDrive - Åke Sundvalls Byggnads AB\SPELET 2\Bilder\Skapade bilder/Händelsekort Planering.png;C:\Users\niklas.sviden\OneDrive - Åke Sundvalls Byggnads AB\SPELET 2\Bilder\Skapade bilder/Leverantörer HUSUNDERBYGGNAD.png;#0F3D5C;#1A6B9A;HÄNDELSEKORT;16;13;#1A6B9A;#FCF6EF;#DDE9F0
Förberedelse;HUSUNDERBYGGNAD;17;Repetitiva planlösningar ger effektiv projektering;Positivt;Förberedelse;Medium;Renodlat bostadsprojekt möjliggör standardiserade typritningar och prefabelement. Projekteringskostnaden sjunker, kvaliteten ökar och klimatkalkylen blir tydligare.;Husunderbyggnad, Projektering;Alla;Alla;Effektivitet: +2 Mkr;Effektivitet: 1 månad förkortad tidplan;Effektivitet: 2 månader förkortad tidplan;Optimalt: +1 Q;C:\Users\niklas.sviden\OneDrive - Åke Sundvalls Byggnads AB\SPELET 2\Bilder\Skapade bilder/Händelsekort Planering.png;C:\Users\niklas.sviden\OneDrive - Åke Sundvalls Byggnads AB\SPELET 2\Bilder\Skapade bilder/Leverantörer HUSUNDERBYGGNAD.png;#0F3D5C;#1A6B9A;HÄNDELSEKORT;17;20;#1A6B9A;#FCF6EF;#DDE9F0
Förberedelse;INSTALLATÖRER;18;Installationssystemen krockar i BIM-modellen;Negativt;Förberedelse;Medium;Vid BIM-samgranskning upptäcks att VS-stammar kolliderar med ventilationskanaler och kanaler för värmeåtervinning. Omritning krävs.;Installatörer, VVS;Alla;Skalad;Kostnad: -3 Mkr;Kostnad: -1 Mkr;Hanterat: -0,5 Mkr;Väl löst: Ingen effekt;C:\Users\niklas.sviden\OneDrive - Åke Sundvalls Byggnads AB\SPELET 2\Bilder\Skapade bilder/Händelsekort Planering.png;C:\Users\niklas.sviden\OneDrive - Åke Sundvalls Byggnads AB\SPELET 2\Bilder\Skapade bilder/Leverantörer INSTALLATIONER.png;#0F3D5C;#1A6B9A;HÄNDELSEKORT;18;19;#1A6B9A;#FCF6EF;#DDE9F0
Förberedelse;INSTALLATÖRER;19;Installationssamordning kräver fler möten;Negativt;Förberedelse;Medium;EL-, VS- och ventilationskonsulter behöver extra samordningsmöten för att lösa korsningar i schakt.;Installatörer, Samordning;Alla;Skalad;Fördröjning: 2 månader;Fördröjning: 1 månad;Hanterat: Ingen effekt;Väl löst: Ingen effekt;C:\Users\niklas.sviden\OneDrive - Åke Sundvalls Byggnads AB\SPELET 2\Bilder\Skapade bilder/Händelsekort Planering.png;C:\Users\niklas.sviden\OneDrive - Åke Sundvalls Byggnads AB\SPELET 2\Bilder\Skapade bilder/Leverantörer INSTALLATIONER.png;#0F3D5C;#1A6B9A;HÄNDELSEKORT;19;18;#1A6B9A;#FCF6EF;#DDE9F0
Förberedelse;INSTALLATÖRER;20;Beställaren vill uppgradera installationer (B-ÄTA);Neutralt;Förberedelse;Medium;Beställaren önskar smartare styr- och reglersystem för lägre energianvändning. Systemhandlingen behöver kompletteras.;Installatörer, Beställare;Alla;Alla;Kostnad: -2 Mkr;Kostnad: -1 Mkr;Hanterat: Ingen kostnad, +1 H;Väl förhandlat: +1 Mkr, +1 H;C:\Users\niklas.sviden\OneDrive - Åke Sundvalls Byggnads AB\SPELET 2\Bilder\Skapade bilder/Händelsekort Planering.png;C:\Users\niklas.sviden\OneDrive - Åke Sundvalls Byggnads AB\SPELET 2\Bilder\Skapade bilder/Leverantörer INSTALLATIONER.png;#0F3D5C;#1A6B9A;HÄNDELSEKORT;20;17;#1A6B9A;#FCF6EF;#DDE9F0
Förberedelse;INSTALLATÖRER;21;VA-systemen krockar i projekteringen;Negativt;Förberedelse;Medium;Bostädernas VA, förskolans specialkrav och lokalernas fettavskiljare kräver separata system. Ritningssamordning saknas.;Installatörer, VVS;Alla;Skalad;Kostnad: -2 Mkr;Kostnad: -1 Mkr;Hanterat: Ingen effekt;Väl löst: Ingen effekt;C:\Users\niklas.sviden\OneDrive - Åke Sundvalls Byggnads AB\SPELET 2\Bilder\Skapade bilder/Händelsekort Planering.png;C:\Users\niklas.sviden\OneDrive - Åke Sundvalls Byggnads AB\SPELET 2\Bilder\Skapade bilder/Leverantörer INSTALLATIONER.png;#0F3D5C;#1A6B9A;HÄNDELSEKORT;21;24;#1A6B9A;#FCF6EF;#DDE9F0
Förberedelse;INSTALLATÖRER;22;Ventilationsbehov kolliderar mellan verksamheter;Negativt;Förberedelse;Medium;Bostäder, kontor och förskola har olika ventilationskrav och olika behov av värmeåtervinning. Kanalföringen krockar i schaktritningarna.;Installatörer, Ventilation;Alla;Skalad;Kostnad: -2 Mkr;Kostnad: -1 Mkr;Hanterat: Ingen effekt;Väl löst: Ingen effekt;C:\Users\niklas.sviden\OneDrive - Åke Sundvalls Byggnads AB\SPELET 2\Bilder\Skapade bilder/Händelsekort Planering.png;C:\Users\niklas.sviden\OneDrive - Åke Sundvalls Byggnads AB\SPELET 2\Bilder\Skapade bilder/Leverantörer INSTALLATIONER.png;#0F3D5C;#1A6B9A;HÄNDELSEKORT;22;23;#1A6B9A;#FCF6EF;#DDE9F0
Förberedelse;INSTALLATÖRER;23;Eleffektbehovet överskrider nätanslutning;Negativt;Förberedelse;Medium;Sammanlagd effekt för kontor, förskola, bostäder och laddinfrastruktur överskrider elnätsanslutningen. Nätägaren kräver omprojektering.;Installatörer, El;Alla;Skalad;Kostnad: -2 Mkr;Kostnad: -1 Mkr;Hanterat: Ingen effekt;Väl löst: Ingen effekt;C:\Users\niklas.sviden\OneDrive - Åke Sundvalls Byggnads AB\SPELET 2\Bilder\Skapade bilder/Händelsekort Planering.png;C:\Users\niklas.sviden\OneDrive - Åke Sundvalls Byggnads AB\SPELET 2\Bilder\Skapade bilder/Leverantörer INSTALLATIONER.png;#0F3D5C;#1A6B9A;HÄNDELSEKORT;23;22;#1A6B9A;#FCF6EF;#DDE9F0
Förberedelse;INV YTSKIKT;24;Ytskiktsspecifikationen uppfyller inte krav;Negativt;Förberedelse;Medium;Valt golvmaterial klarar inte ljudklassificeringen. Akustikkonsulten kräver byte i beskrivningen.;Inredning, Ytskikt;Alla;Skalad;Kostnad: -2 Mkr;Kostnad: -1 Mkr;Hanterat: Ingen effekt;Väl löst: Ingen effekt;C:\Users\niklas.sviden\OneDrive - Åke Sundvalls Byggnads AB\SPELET 2\Bilder\Skapade bilder/Händelsekort Planering.png;C:\Users\niklas.sviden\OneDrive - Åke Sundvalls Byggnads AB\SPELET 2\Bilder\Skapade bilder/Leverantörer INV YTSKIKT.png;#0F3D5C;#1A6B9A;HÄNDELSEKORT;24;21;#1A6B9A;#FCF6EF;#DDE9F0
Förberedelse;INV YTSKIKT;25;Materialval för ytskikt behöver utredas;Neutralt;Förberedelse;Medium;Val mellan klinker och plastmatta i badrum påverkar både tätskiktslösningen och klimatkalkylen. Konstruktionsdetaljen måste ritas om.;Inredning, Konstruktion;Alla;Skalad;Kostnad: -2 Mkr;Kostnad: -1 Mkr;Hanterat: Ingen effekt;Väl löst: Ingen effekt;C:\Users\niklas.sviden\OneDrive - Åke Sundvalls Byggnads AB\SPELET 2\Bilder\Skapade bilder/Händelsekort Planering.png;C:\Users\niklas.sviden\OneDrive - Åke Sundvalls Byggnads AB\SPELET 2\Bilder\Skapade bilder/Leverantörer INV YTSKIKT.png;#0F3D5C;#1A6B9A;HÄNDELSEKORT;25;28;#1A6B9A;#FCF6EF;#DDE9F0
Förberedelse;INV YTSKIKT;26;BRF vill uppgradera ytskikt (B-ÄTA);Neutralt;Förberedelse;Medium;BRF-styrelsen önskar parkett istället för laminat och kakel istället för plastmatta. Material med bättre klimatdeklaration och längre livslängd kräver ny kostnadskalkyl.;Inredning, Beställare;Alla;Alla;Kostnad: -2 Mkr;Kostnad: -1 Mkr;Hanterat: Ingen effekt;Väl förhandlat: +0,5 Mkr;C:\Users\niklas.sviden\OneDrive - Åke Sundvalls Byggnads AB\SPELET 2\Bilder\Skapade bilder/Händelsekort Planering.png;C:\Users\niklas.sviden\OneDrive - Åke Sundvalls Byggnads AB\SPELET 2\Bilder\Skapade bilder/Leverantörer INV YTSKIKT.png;#0F3D5C;#1A6B9A;HÄNDELSEKORT;26;27;#1A6B9A;#FCF6EF;#DDE9F0
Förberedelse;MARK;27;Geoutredning visar berg på oväntad nivå;Negativt;Förberedelse;Medium;Kompletterande provborrning hittar berg ytligare än i det ursprungliga geoutlåtandet. Grundläggningsprojekteringen påverkas.;Mark, Geoteknik;Alla;Skalad;Fördröjning: 3 månader;Fördröjning: 2 månader;Fördröjning: 1 månad;Väl löst: Ingen effekt;C:\Users\niklas.sviden\OneDrive - Åke Sundvalls Byggnads AB\SPELET 2\Bilder\Skapade bilder/Händelsekort Planering.png;C:\Users\niklas.sviden\OneDrive - Åke Sundvalls Byggnads AB\SPELET 2\Bilder\Skapade bilder/Leverantörer MARK.png;#0F3D5C;#1A6B9A;HÄNDELSEKORT;27;26;#1A6B9A;#FCF6EF;#DDE9F0
Förberedelse;MARK;28;Ny geoteknisk undersökning ger förändrad bild;Negativt;Förberedelse;Medium;Ytterligare borrprover visar lera istället för morän. Geokonsulten reviderar grundläggningsrekommendationen.;Mark, Geoteknik;Alla;Skalad;Kostnad: -3 Mkr;Kostnad: -1 Mkr;Hanterat: Ingen effekt;Väl löst: Ingen effekt;C:\Users\niklas.sviden\OneDrive - Åke Sundvalls Byggnads AB\SPELET 2\Bilder\Skapade bilder/Händelsekort Planering.png;C:\Users\niklas.sviden\OneDrive - Åke Sundvalls Byggnads AB\SPELET 2\Bilder\Skapade bilder/Leverantörer MARK.png;#0F3D5C;#1A6B9A;HÄNDELSEKORT;28;25;#1A6B9A;#FCF6EF;#DDE9F0
Förberedelse;MARK;29;Miljöutredning visar förorenad mark (B-ÄTA);Negativt;Förberedelse;Medium;Miljöteknisk undersökning upptäcker föroreningar över Naturvårdsverkets riktvärden. Saneringskostnad måste projekteras in. Förhandla (B)ÄTA.;Mark, Miljö;Alla;Alla;Kostnad: -3 Mkr;Kostnad: -1 Mkr;Kostnad: -1 Mkr;Väl löst: Ingen effekt;C:\Users\niklas.sviden\OneDrive - Åke Sundvalls Byggnads AB\SPELET 2\Bilder\Skapade bilder/Händelsekort Planering.png;C:\Users\niklas.sviden\OneDrive - Åke Sundvalls Byggnads AB\SPELET 2\Bilder\Skapade bilder/Leverantörer MARK.png;#0F3D5C;#1A6B9A;HÄNDELSEKORT;29;32;#1A6B9A;#FCF6EF;#DDE9F0
Förberedelse;MARK;30;Grundläggningsmetoder krockar i projekteringen;Negativt;Förberedelse;Medium;Olika verksamheter kräver helt olika grundläggning. Bostäder behöver pålning medan lokaler kan stå på platta. Konstruktören måste lösa övergångszonen.;Mark, Konstruktion;Alla;Skalad;Kostnad: -2 Mkr;Kostnad: -1 Mkr;Hanterat: Ingen effekt;Väl löst: Ingen effekt;C:\Users\niklas.sviden\OneDrive - Åke Sundvalls Byggnads AB\SPELET 2\Bilder\Skapade bilder/Händelsekort Planering.png;C:\Users\niklas.sviden\OneDrive - Åke Sundvalls Byggnads AB\SPELET 2\Bilder\Skapade bilder/Leverantörer MARK.png;#0F3D5C;#1A6B9A;HÄNDELSEKORT;30;31;#1A6B9A;#FCF6EF;#DDE9F0
Förberedelse;MARK;31;Etappindelning skapar projekteringskonflikter;Negativt;Förberedelse;Medium;Markprojekteringen för olika etapper krockar tidsmässigt. Schaktplan för lokaler blockerar åtkomst till bostadsdelen, och massbalansen måste räknas om för att minska transportbehovet.;Mark, Planering;Alla;Skalad;Fördröjning: 2 månader;Fördröjning: 1 månad;Hanterat: Ingen effekt;Väl löst: Ingen effekt;C:\Users\niklas.sviden\OneDrive - Åke Sundvalls Byggnads AB\SPELET 2\Bilder\Skapade bilder/Händelsekort Planering.png;C:\Users\niklas.sviden\OneDrive - Åke Sundvalls Byggnads AB\SPELET 2\Bilder\Skapade bilder/Leverantörer MARK.png;#0F3D5C;#1A6B9A;HÄNDELSEKORT;31;30;#1A6B9A;#FCF6EF;#DDE9F0
Förberedelse;MARKNADSTEAM;32;Reklamation från beställare;Negativt;Förberedelse;Medium;Beställaren reklamerar på utförandet av projekthandlingarna.;Marknadsteam, Beställare;Alla;Alla;Kostnad: -2 Mkr;Kostnad: -1 Mkr;Kostnad: -1 Mkr;Väl löst: Ingen effekt;C:\Users\niklas.sviden\OneDrive - Åke Sundvalls Byggnads AB\SPELET 2\Bilder\Skapade bilder/Händelsekort Planering.png;C:\Users\niklas.sviden\OneDrive - Åke Sundvalls Byggnads AB\SPELET 2\Bilder\Skapade bilder/Organisation Marknadsteam.png;#0F3D5C;#1A6B9A;HÄNDELSEKORT;32;29;#1A6B9A;#FCF6EF;#DDE9F0
Förberedelse;MARKNADSTEAM;33;Kundkontakt: statusuppdatering;Neutralt;Förberedelse;Medium;Beställaren vill ha regelbundna statusuppdateringar om projekteringsläget.;Marknadsteam, Kommunikation;Alla;Alla;Mindre problem: -1 Mkr;Hanterat: Ingen effekt;Väl hanterat: +1 Mkr;Mycket väl hanterat: +2 Mkr;C:\Users\niklas.sviden\OneDrive - Åke Sundvalls Byggnads AB\SPELET 2\Bilder\Skapade bilder/Händelsekort Planering.png;C:\Users\niklas.sviden\OneDrive - Åke Sundvalls Byggnads AB\SPELET 2\Bilder\Skapade bilder/Organisation Marknadsteam.png;#0F3D5C;#1A6B9A;HÄNDELSEKORT;33;36;#1A6B9A;#FCF6EF;#DDE9F0
Förberedelse;MARKNADSTEAM;34;Beställaren begär projektändring (B-ÄTA);Neutralt;Förberedelse;Medium;Beställaren vill ändra projektets utformning. Förhandla (B)ÄTA.;Marknadsteam, Beställare;Alla;Alla;Kostnad: -3 Mkr;Kostnad: -1 Mkr;Hanterat: Ingen effekt;Väl förhandlat: +2 Mkr;C:\Users\niklas.sviden\OneDrive - Åke Sundvalls Byggnads AB\SPELET 2\Bilder\Skapade bilder/Händelsekort Planering.png;C:\Users\niklas.sviden\OneDrive - Åke Sundvalls Byggnads AB\SPELET 2\Bilder\Skapade bilder/Organisation Marknadsteam.png;#0F3D5C;#1A6B9A;HÄNDELSEKORT;34;35;#1A6B9A;#FCF6EF;#DDE9F0
Förberedelse;OPERATIVT TEAM;35;Projektorganisationen brister i samordning;Negativt;Förberedelse;Medium;Projektledningen har svårt att samordna de olika konsulterna. Möten och beslut drar ut på tiden.;Operativt team, Samordning;Alla;Alla;Fördröjning: 3 månader;Fördröjning: 2 månader;Fördröjning: 1 månad;Väl löst: Ingen effekt;C:\Users\niklas.sviden\OneDrive - Åke Sundvalls Byggnads AB\SPELET 2\Bilder\Skapade bilder/Händelsekort Planering.png;C:\Users\niklas.sviden\OneDrive - Åke Sundvalls Byggnads AB\SPELET 2\Bilder\Skapade bilder/Organisation Operativt team.png;#0F3D5C;#1A6B9A;HÄNDELSEKORT;35;34;#1A6B9A;#FCF6EF;#DDE9F0
Förberedelse;OPERATIVT TEAM;36;Omorganisation av projektteamet behövs;Negativt;Förberedelse;Medium;Organisationsstrukturen fungerar inte optimalt. Roller och ansvar måste omdefinieras.;Operativt team, Organisation;Alla;Alla;Kostnad: -3 Mkr;Kostnad: -1 Mkr;Hanterat: Ingen effekt;Väl löst: Ingen effekt;C:\Users\niklas.sviden\OneDrive - Åke Sundvalls Byggnads AB\SPELET 2\Bilder\Skapade bilder/Händelsekort Planering.png;C:\Users\niklas.sviden\OneDrive - Åke Sundvalls Byggnads AB\SPELET 2\Bilder\Skapade bilder/Organisation Operativt team.png;#0F3D5C;#1A6B9A;HÄNDELSEKORT;36;33;#1A6B9A;#FCF6EF;#DDE9F0
Förberedelse;OPERATIVT TEAM;37;Effektivare projekteringsprocess utvecklas;Positivt;Förberedelse;Medium;Projektledningen hittar smartare sätt att organisera samgranskningar och konsultmöten.;Operativt team, Effektivisering;Alla;Alla;Ingen effekt;Effektivitet: 1 månad förkortad tidplan;Effektivitet: 2 månader förkortad tidplan;Optimalt: +1 Q;C:\Users\niklas.sviden\OneDrive - Åke Sundvalls Byggnads AB\SPELET 2\Bilder\Skapade bilder/Händelsekort Planering.png;C:\Users\niklas.sviden\OneDrive - Åke Sundvalls Byggnads AB\SPELET 2\Bilder\Skapade bilder/Organisation Operativt team.png;#0F3D5C;#1A6B9A;HÄNDELSEKORT;37;40;#1A6B9A;#FCF6EF;#DDE9F0
Förberedelse;STOMKOMP;38;Innerväggsprojekteringen blir mer komplex;Negativt;Förberedelse;Medium;Fler väggtjocklekar och ljudklasser behövs än vad som antagits. Typritningarna måste kompletteras.;Stomkomplettering, Konstruktion;Alla;Skalad;Fördröjning: 2 månader;Fördröjning: 1 månad;Hanterat: Ingen effekt;Väl löst: Ingen effekt;C:\Users\niklas.sviden\OneDrive - Åke Sundvalls Byggnads AB\SPELET 2\Bilder\Skapade bilder/Händelsekort Planering.png;C:\Users\niklas.sviden\OneDrive - Åke Sundvalls Byggnads AB\SPELET 2\Bilder\Skapade bilder/Leverantörer STOMKOMP.png;#0F3D5C;#1A6B9A;HÄNDELSEKORT;38;39;#1A6B9A;#FCF6EF;#DDE9F0
Förberedelse;STOMKOMP;39;Stomkomplettering kräver samordning med installationer;Negativt;Förberedelse;Medium;Väggarnas placering i ritning krockar med installationsstråk. Omritning av rumsfunktionsprogram.;Stomkomplettering, Samordning;Alla;Skalad;Kostnad: -3 Mkr;Kostnad: -1 Mkr;Hanterat: Ingen effekt;Väl löst: Ingen effekt;C:\Users\niklas.sviden\OneDrive - Åke Sundvalls Byggnads AB\SPELET 2\Bilder\Skapade bilder/Händelsekort Planering.png;C:\Users\niklas.sviden\OneDrive - Åke Sundvalls Byggnads AB\SPELET 2\Bilder\Skapade bilder/Leverantörer STOMKOMP.png;#0F3D5C;#1A6B9A;HÄNDELSEKORT;39;38;#1A6B9A;#FCF6EF;#DDE9F0
Förberedelse;STOMKOMP;40;Beställaren vill ha fler innerväggar (B-ÄTA);Neutralt;Förberedelse;Medium;Beställaren önskar ändrad planlösning med fler rum. Ny ritning och kostnadskalkyl behövs.;Stomkomplettering, Beställare;Alla;Alla;Kostnad: -3 Mkr;Kostnad: -1 Mkr;Hanterat: Ingen effekt;Väl förhandlat: +0,5 Mkr;C:\Users\niklas.sviden\OneDrive - Åke Sundvalls Byggnads AB\SPELET 2\Bilder\Skapade bilder/Händelsekort Planering.png;C:\Users\niklas.sviden\OneDrive - Åke Sundvalls Byggnads AB\SPELET 2\Bilder\Skapade bilder/Leverantörer STOMKOMP.png;#0F3D5C;#1A6B9A;HÄNDELSEKORT;40;37;#1A6B9A;#FCF6EF;#DDE9F0
Förberedelse;STOMKOMP;41;Innerväggar vid verksamhetsgräns uppfyller inte ljudkrav;Negativt;Förberedelse;Medium;Väggar i gränszonen måste uppfylla både bostads- och verksamhetskrav. Akustikkonsulten kräver dubbla gipsskikt i specifikationen.;Stomkomplettering, Akustik;Alla;Skalad;Kostnad: -3 Mkr;Kostnad: -1 Mkr;Hanterat: Ingen effekt;Väl löst: Ingen effekt;C:\Users\niklas.sviden\OneDrive - Åke Sundvalls Byggnads AB\SPELET 2\Bilder\Skapade bilder/Händelsekort Planering.png;C:\Users\niklas.sviden\OneDrive - Åke Sundvalls Byggnads AB\SPELET 2\Bilder\Skapade bilder/Leverantörer STOMKOMP.png;#0F3D5C;#1A6B9A;HÄNDELSEKORT;41;44;#1A6B9A;#FCF6EF;#DDE9F0
Förberedelse;STOMME;42;Stomkonstruktionen kräver omarbetning;Negativt;Förberedelse;Medium;Konstruktörens dimensionering visar att pelarplaceringar kolliderar med arkitektens planlösning. Samordning krävs.;Stomme, Konstruktion;Alla;Skalad;Fördröjning: 2 månader;Fördröjning: 1 månad;Hanterat: Ingen effekt;Väl löst: Ingen effekt;C:\Users\niklas.sviden\OneDrive - Åke Sundvalls Byggnads AB\SPELET 2\Bilder\Skapade bilder/Händelsekort Planering.png;C:\Users\niklas.sviden\OneDrive - Åke Sundvalls Byggnads AB\SPELET 2\Bilder\Skapade bilder/Leverantörer STOMME.png;#0F3D5C;#1A6B9A;HÄNDELSEKORT;42;43;#1A6B9A;#FCF6EF;#DDE9F0
Förberedelse;STOMME;43;Stomprojektering anpassas för installationer;Negativt;Förberedelse;Medium;Håltagningsritningen måste revideras för att ge plats åt VS-stammar. Konstruktören räknar om.;Stomme, Installationer;Alla;Skalad;Kostnad: -3 Mkr;Kostnad: -1 Mkr;Hanterat: Ingen effekt;Väl löst: Ingen effekt;C:\Users\niklas.sviden\OneDrive - Åke Sundvalls Byggnads AB\SPELET 2\Bilder\Skapade bilder/Händelsekort Planering.png;C:\Users\niklas.sviden\OneDrive - Åke Sundvalls Byggnads AB\SPELET 2\Bilder\Skapade bilder/Leverantörer STOMME.png;#0F3D5C;#1A6B9A;HÄNDELSEKORT;43;42;#1A6B9A;#FCF6EF;#DDE9F0
Förberedelse;STOMME;44;Beställaren önskar ändrad stomplanlösning (B-ÄTA);Neutralt;Förberedelse;Medium;Beställaren vill ändra spännvidder för flexiblare planlösning som tål framtida verksamhetsförändringar. Ny konstruktionsberäkning krävs.;Stomme, Beställare;Alla;Alla;Kostnad: -2 Mkr;Kostnad: -1 Mkr;Hanterat: Ingen effekt;Väl förhandlat: +1 Mkr;C:\Users\niklas.sviden\OneDrive - Åke Sundvalls Byggnads AB\SPELET 2\Bilder\Skapade bilder/Händelsekort Planering.png;C:\Users\niklas.sviden\OneDrive - Åke Sundvalls Byggnads AB\SPELET 2\Bilder\Skapade bilder/Leverantörer STOMME.png;#0F3D5C;#1A6B9A;HÄNDELSEKORT;44;41;#1A6B9A;#FCF6EF;#DDE9F0
Förberedelse;STOMME;45;Brandcellskrav vid verksamhetsgräns svårlösta i ritning;Negativt;Förberedelse;Sen;Brandkonsulten visar att övergången mellan bostäder och lokaler kräver avancerade brandcellslösningar. Konstruktionsritningarna måste revideras.;Stomme, Brandskydd;Alla;Skalad;Fördröjning: 3 månader;Fördröjning: 2 månader;Fördröjning: 1 månad;Väl löst: Ingen effekt;C:\Users\niklas.sviden\OneDrive - Åke Sundvalls Byggnads AB\SPELET 2\Bilder\Skapade bilder/Händelsekort Planering.png;C:\Users\niklas.sviden\OneDrive - Åke Sundvalls Byggnads AB\SPELET 2\Bilder\Skapade bilder/Leverantörer STOMME.png;#0F3D5C;#1A6B9A;HÄNDELSEKORT;45;48;#1A6B9A;#FCF6EF;#DDE9F0
Förberedelse;STOMME;46;Bjälklagsprojektion klarar inte ljudkrav vid gränszon;Negativt;Förberedelse;Medium;Stommens övergångszon i ritning klarar inte ljudklassificeringen. Akustikkonsulten kräver tjockare bjälklag eller undertak.;Stomme, Akustik;Alla;Skalad;Kostnad: -2 Mkr;Kostnad: -1 Mkr;Hanterat: Ingen effekt;Väl löst: Ingen effekt;C:\Users\niklas.sviden\OneDrive - Åke Sundvalls Byggnads AB\SPELET 2\Bilder\Skapade bilder/Händelsekort Planering.png;C:\Users\niklas.sviden\OneDrive - Åke Sundvalls Byggnads AB\SPELET 2\Bilder\Skapade bilder/Leverantörer STOMME.png;#0F3D5C;#1A6B9A;HÄNDELSEKORT;46;47;#1A6B9A;#FCF6EF;#DDE9F0
Förberedelse;STOMME;47;Lastkonflikter från blandade spännvidder i projekteringen;Negativt;Förberedelse;Medium;Kontorsspann, förskolans öppna ytor och bostädernas cellstruktur möts i samma stomritning. Dimensioneringen blir komplex.;Stomme, Dimensionering;Alla;Skalad;Fördröjning: 2 månader;Fördröjning: 1 månad;Hanterat: Ingen effekt;Väl löst: Ingen effekt;C:\Users\niklas.sviden\OneDrive - Åke Sundvalls Byggnads AB\SPELET 2\Bilder\Skapade bilder/Händelsekort Planering.png;C:\Users\niklas.sviden\OneDrive - Åke Sundvalls Byggnads AB\SPELET 2\Bilder\Skapade bilder/Leverantörer STOMME.png;#0F3D5C;#1A6B9A;HÄNDELSEKORT;47;46;#1A6B9A;#FCF6EF;#DDE9F0
Förberedelse;STOMME;48;Bostadsmarknaden stärker projektkalkylen;Positivt;Förberedelse;Medium;Stark efterfrågan på bostäder gör att kalkylen stärks. Projekteringen kan prioritera både kvalitet och hållbarhet.;Stomme, Marknad;Alla;Alla;Effektivitet: +3 Mkr;Effektivitet: 1 månad förkortad tidplan;Effektivitet: 2 månader förkortad tidplan;Optimalt: +1 Q;C:\Users\niklas.sviden\OneDrive - Åke Sundvalls Byggnads AB\SPELET 2\Bilder\Skapade bilder/Händelsekort Planering.png;C:\Users\niklas.sviden\OneDrive - Åke Sundvalls Byggnads AB\SPELET 2\Bilder\Skapade bilder/Leverantörer STOMME.png;#0F3D5C;#1A6B9A;HÄNDELSEKORT;48;45;#1A6B9A;#FCF6EF;#DDE9F0
Förberedelse;STÖDFUNKTIONER;49;Dokumentationsbrister;Negativt;Förberedelse;Medium;Viktig projektdokumentation saknas eller är ofullständig, inklusive underlag för klimatdeklaration och CSRD-rapportering.;Stödfunktioner, Dokumentation;Alla;Alla;Kvalitetsbrist: -2 Mkr;Mindre problem: -1 Mkr;Hanterat: Ingen effekt;Väl hanterat: Ingen effekt;C:\Users\niklas.sviden\OneDrive - Åke Sundvalls Byggnads AB\SPELET 2\Bilder\Skapade bilder/Händelsekort Planering.png;C:\Users\niklas.sviden\OneDrive - Åke Sundvalls Byggnads AB\SPELET 2\Bilder\Skapade bilder/Organisation Stödfunktioner.png;#0F3D5C;#1A6B9A;HÄNDELSEKORT;49;52;#1A6B9A;#FCF6EF;#DDE9F0
Förberedelse;STÖDFUNKTIONER;50;Administrativ processöversyn;Neutralt;Förberedelse;Medium;Administrativa processer behöver justeras för att passa projektets storlek.;Stödfunktioner, Administration;Alla;Alla;Mindre problem: -1 Mkr;Hanterat: Ingen effekt;Förbättring: +1 Mkr;Optimalt: +2 Mkr;C:\Users\niklas.sviden\OneDrive - Åke Sundvalls Byggnads AB\SPELET 2\Bilder\Skapade bilder/Händelsekort Planering.png;C:\Users\niklas.sviden\OneDrive - Åke Sundvalls Byggnads AB\SPELET 2\Bilder\Skapade bilder/Organisation Stödfunktioner.png;#0F3D5C;#1A6B9A;HÄNDELSEKORT;50;51;#1A6B9A;#FCF6EF;#DDE9F0
Förberedelse;STÖDFUNKTIONER;51;Upphandlingsvinst;Positivt;Förberedelse;Medium;Stödfunktioner förhandlar fram bättre villkor och hållbarhetsåtaganden med konsulter och leverantörer.;Stödfunktioner, Upphandling;Alla;Alla;Ingen effekt;Besparing: +1 Mkr;Bra besparing: +2 Mkr;Mycket bra: +3 Mkr, +1 Q;C:\Users\niklas.sviden\OneDrive - Åke Sundvalls Byggnads AB\SPELET 2\Bilder\Skapade bilder/Händelsekort Planering.png;C:\Users\niklas.sviden\OneDrive - Åke Sundvalls Byggnads AB\SPELET 2\Bilder\Skapade bilder/Organisation Stödfunktioner.png;#0F3D5C;#1A6B9A;HÄNDELSEKORT;51;50;#1A6B9A;#FCF6EF;#DDE9F0
Förberedelse;YTTERTAK;52;Takritning uppfyller inte dagvattenkrav;Negativt;Förberedelse;Medium;Kommunens nya dagvattenkrav gör att taklutning, avvattning och eventuella gröna tak måste projekteras om.;Yttertak, Projektering;Alla;Skalad;Mindre problem: -2 Mkr;Mindre problem: -1 Mkr;Hanterat: Ingen effekt;Väl löst: Ingen effekt;C:\Users\niklas.sviden\OneDrive - Åke Sundvalls Byggnads AB\SPELET 2\Bilder\Skapade bilder/Händelsekort Planering.png;C:\Users\niklas.sviden\OneDrive - Åke Sundvalls Byggnads AB\SPELET 2\Bilder\Skapade bilder/Leverantörer YTTERTAK.png;#0F3D5C;#1A6B9A;HÄNDELSEKORT;52;49;#1A6B9A;#FCF6EF;#DDE9F0
Förberedelse;YTTERTAK;53;Takbeläggningsval påverkar energiberäkning;Neutralt;Förberedelse;Medium;Valet mellan sedumtak, papptak och solceller påverkar energideklarationen. Energikonsulten kräver kompletterande beräkning.;Yttertak, Energi;Alla;Skalad;Mindre problem: -2 Mkr, -1 H;Fördröjning: 1 månad;Hanterat: Ingen effekt;Väl löst: +1 H;C:\Users\niklas.sviden\OneDrive - Åke Sundvalls Byggnads AB\SPELET 2\Bilder\Skapade bilder/Händelsekort Planering.png;C:\Users\niklas.sviden\OneDrive - Åke Sundvalls Byggnads AB\SPELET 2\Bilder\Skapade bilder/Leverantörer YTTERTAK.png;#0F3D5C;#1A6B9A;HÄNDELSEKORT;53;56;#1A6B9A;#FCF6EF;#DDE9F0
Förberedelse;YTTERTAK;54;Beställaren vill ändra taklösning (B-ÄTA);Neutralt;Förberedelse;Medium;Beställaren önskar takterrass istället för sedumtak. Ny konstruktionsberäkning och ritning.;Yttertak, Beställare;Alla;Alla;Mindre problem: -2 Mkr;Mindre problem: -1 Mkr;Hanterat: Ingen effekt;Väl förhandlat: +1 Mkr;C:\Users\niklas.sviden\OneDrive - Åke Sundvalls Byggnads AB\SPELET 2\Bilder\Skapade bilder/Händelsekort Planering.png;C:\Users\niklas.sviden\OneDrive - Åke Sundvalls Byggnads AB\SPELET 2\Bilder\Skapade bilder/Leverantörer YTTERTAK.png;#0F3D5C;#1A6B9A;HÄNDELSEKORT;54;55;#1A6B9A;#FCF6EF;#DDE9F0
;tom;;;;;;;;;;;;;;;;#9E968E;#605951;;55;54;#1A6B9A;#FCF6EF;#DDE9F0
;tom;;;;;;;;;;;;;;;;#9E968E;#605951;;56;53;#1A6B9A;#FCF6EF;#DDE9F0
